<?xml version="1.0"?>

<fop version="1.0">
 <!-- Base URL for resolving relative URLs -->
 <base>.</base>
 <strict-validation>false</strict-validation>
 <!-- Information for specific renderers -->

 <!-- Uses renderer mime type for renderers -->
 <renderers>

  <renderer mime="application/pdf">

   <fonts>
   
    <font embed-url="font/gargi.ttf" kerning="yes" metrics-url="font-xml/gargi.xml">
     <font-triplet weight="normal" style="normal" name="gargi" />
    </font>
    <font embed-url="font/lohit_ass_uid.ttf" kerning="yes" 
    metrics-url="font-xml/lohit_ass_uid.xml">
     <font-triplet weight="normal" style="normal" name="Lohit Bengali UID" />
    </font>
     <font embed-url="font/lohit_bn_uid.ttf" kerning="yes" 
    metrics-url="font-xml/lohit_bn_uid.xml">
     <font-triplet weight="normal" style="normal" name="Lohit Bengali UID" />
    </font>
    <font embed-url="font/lohit_gu_uid.ttf" kerning="yes" 
    metrics-url="font-xml/lohit_gu_uid.xml">
     <font-triplet weight="normal" style="normal" name="Lohit Gujarati UID" />
    </font>
       <font embed-url="font/KedageNormal_UID.ttf" kerning="yes" 
    metrics-url="font-xml/KedageNormal_UID.xml">
     <font-triplet weight="normal" style="normal" name="Kedage Normal UID" />
    </font>
     <font embed-url="font/suruma-UID.ttf" kerning="yes" 
    metrics-url="font-xml/suruma-UID.xml">
     <font-triplet weight="normal" style="normal" name="suruma-UID" />
    </font>
     <font embed-url="font/Samyak-Oriya-UID.ttf" kerning="yes" 
    metrics-url="font-xml/Samyak-Oriya-UID.xml">
     <font-triplet weight="normal" style="normal" name="Samyak Oriya-UID" />
    </font>
    <font embed-url="font/lohit_pa_uid.ttf" kerning="yes" 
    metrics-url="font-xml/lohit_pa_uid.xml">
     <font-triplet weight="normal" style="normal" name="Lohit Punjabi UID" />
    </font>
     <font embed-url="font/lohit_ta_uid.ttf" kerning="yes" 
    metrics-url="font-xml/lohit_ta_uid.xml">
     <font-triplet weight="normal" style="normal" name="Lohit Tamil UID" />
    </font>
     <font embed-url="font/lohit_te_uid.ttf" kerning="yes" 
    metrics-url="font-xml/lohit_te_uid.xml">
     <font-triplet weight="normal" style="normal" name="Lohit Telugu UID" />
    </font>
    
    <font embed-url="font/NafeesWebUID.ttf" kerning="yes" 
    metrics-url="font-xml/NafeesWebUID.xml">
     <font-triplet weight="normal" style="normal" name="NafeesWebUID" />
    </font>

    <font embed-url="font/arial.ttf" kerning="yes" 
    metrics-url="font-xml/arial.xml">
     <font-triplet weight="normal" style="normal" name="Arial" />
    </font>
   </fonts>
   </renderer>
   
   <renderer mime="image/png">

    <fonts>
   
    <font embed-url="font/gargi.ttf" kerning="yes" metrics-url="font-xml/gargi.xml">
     <font-triplet weight="normal" style="normal" name="gargi" />
    </font>
    <font embed-url="font/lohit_ass_uid.ttf" kerning="yes" 
    metrics-url="font-xml/lohit_ass_uid.xml">
     <font-triplet weight="normal" style="normal" name="Lohit Bengali UID" />
    </font>
     <font embed-url="font/lohit_bn_uid.ttf" kerning="yes" 
    metrics-url="font-xml/lohit_bn_uid.xml">
     <font-triplet weight="normal" style="normal" name="Lohit Bengali UID" />
    </font>
    <font embed-url="font/lohit_gu_uid.ttf" kerning="yes" 
    metrics-url="font-xml/lohit_gu_uid.xml">
     <font-triplet weight="normal" style="normal" name="Lohit Gujarati UID" />
    </font>
       <font embed-url="font/KedageNormal_UID.ttf" kerning="yes" 
    metrics-url="font-xml/KedageNormal_UID.xml">
     <font-triplet weight="normal" style="normal" name="Kedage Normal UID" />
    </font>
     <font embed-url="font/suruma-UID.ttf" kerning="yes" 
    metrics-url="font-xml/suruma-UID.xml">
     <font-triplet weight="normal" style="normal" name="suruma-UID" />
    </font>
     <font embed-url="font/Samyak-Oriya-UID.ttf" kerning="yes" 
    metrics-url="font-xml/Samyak-Oriya-UID.xml">
     <font-triplet weight="normal" style="normal" name="Samyak Oriya-UID" />
    </font>
    <font embed-url="font/lohit_pa_uid.ttf" kerning="yes" 
    metrics-url="font-xml/lohit_pa_uid.xml">
     <font-triplet weight="normal" style="normal" name="Lohit Punjabi UID" />
    </font>
     <font embed-url="font/lohit_ta_uid.ttf" kerning="yes" 
    metrics-url="font-xml/lohit_ta_uid.xml">
     <font-triplet weight="normal" style="normal" name="Lohit Tamil UID" />
    </font>
     <font embed-url="font/lohit_te_uid.ttf" kerning="yes" 
    metrics-url="font-xml/lohit_te_uid.xml">
     <font-triplet weight="normal" style="normal" name="Lohit Telugu UID" />
    </font>
    
    <font embed-url="font/NafeesWebUID.ttf" kerning="yes" 
    metrics-url="font-xml/NafeesWebUID.xml">
     <font-triplet weight="normal" style="normal" name="NafeesWebUID" />
    </font>

    <font embed-url="font/arial.ttf" kerning="yes" 
    metrics-url="font-xml/arial.xml">
     <font-triplet weight="normal" style="normal" name="Arial" />
    </font>
   </fonts>
   </renderer>
</renderers>
</fop>