<?xml version="1.0" encoding="UTF-8"?><font-metrics metrics-version="2" type="TYPE0"><font-name>gargi</font-name><full-name>gargi</full-name><family-name>gargi</family-name><embed/><cap-height>740</cap-height><x-height>532</x-height><ascender>799</ascender><descender>-200</descender><bbox><left>-543</left><bottom>-447</bottom><right>1816</right><top>1007</top></bbox><flags>33</flags><stemv>0</stemv><italicangle>0</italicangle><subtype>TYPE0</subtype><multibyte-extras><cid-type>CIDFontType2</cid-type><default-width>0</default-width><bfranges><bf gi="2" ue="14" us="13"/><bf gi="4" ue="126" us="32"/><bf gi="99" ue="732" us="732"/><bf gi="100" ue="2361" us="2305"/><bf gi="157" ue="2381" us="2363"/><bf gi="176" ue="2389" us="2383"/><bf gi="183" ue="2422" us="2392"/><bf gi="214" ue="8205" us="8204"/><bf gi="216" ue="8208" us="8208"/><bf gi="217" ue="8212" us="8211"/><bf gi="219" ue="8218" us="8216"/><bf gi="222" ue="8222" us="8220"/><bf gi="225" ue="8225" us="8224"/><bf gi="227" ue="8230" us="8230"/><bf gi="228" ue="8240" us="8240"/><bf gi="229" ue="8250" us="8249"/><bf gi="231" ue="8482" us="8482"/><bf gi="232" ue="8722" us="8722"/><bf gi="233" ue="8729" us="8729"/><bf gi="234" ue="9676" us="9676"/><bf gi="235" ue="59754" us="59752"/><bf gi="0" ue="65535" us="65535"/></bfranges><cid-widths start-index="0"><wx w="404"/><wx w="0"/><wx w="333"/><wx w="212"/><wx w="529"/><wx w="282"/><wx w="360"/><wx w="564"/><wx w="564"/><wx w="902"/><wx w="676"/><wx w="223"/><wx w="337"/><wx w="337"/><wx w="394"/><wx w="592"/><wx w="282"/><wx w="337"/><wx w="282"/><wx w="282"/><wx w="564"/><wx w="564"/><wx w="564"/><wx w="564"/><wx w="564"/><wx w="564"/><wx w="564"/><wx w="564"/><wx w="564"/><wx w="564"/><wx w="282"/><wx w="282"/><wx w="592"/><wx w="592"/><wx w="592"/><wx w="564"/><wx w="1030"/><wx w="676"/><wx w="676"/><wx w="732"/><wx w="732"/><wx w="676"/><wx w="620"/><wx w="790"/><wx w="732"/><wx w="282"/><wx w="507"/><wx w="676"/><wx w="564"/><wx w="845"/><wx w="732"/><wx w="790"/><wx w="676"/><wx w="790"/><wx w="732"/><wx w="676"/><wx w="620"/><wx w="732"/><wx w="676"/><wx w="958"/><wx w="676"/><wx w="676"/><wx w="620"/><wx w="282"/><wx w="282"/><wx w="282"/><wx w="475"/><wx w="564"/><wx w="224"/><wx w="564"/><wx w="564"/><wx w="507"/><wx w="564"/><wx w="564"/><wx w="282"/><wx w="564"/><wx w="564"/><wx w="224"/><wx w="224"/><wx w="507"/><wx w="224"/><wx w="845"/><wx w="564"/><wx w="564"/><wx w="564"/><wx w="564"/><wx w="337"/><wx w="507"/><wx w="282"/><wx w="564"/><wx w="507"/><wx w="732"/><wx w="507"/><wx w="507"/><wx w="507"/><wx w="338"/><wx w="263"/><wx w="338"/><wx w="592"/><wx w="1018"/><wx w="6"/><wx w="0"/><wx w="305"/><wx w="717"/><wx w="717"/><wx w="829"/><wx w="463"/><wx w="463"/><wx w="581"/><wx w="803"/><wx w="920"/><wx w="639"/><wx w="430"/><wx w="430"/><wx w="430"/><wx w="430"/><wx w="856"/><wx w="828"/><wx w="837"/><wx w="856"/><wx w="749"/><wx w="779"/><wx w="522"/><wx w="587"/><wx w="650"/><wx w="619"/><wx w="641"/><wx w="703"/><wx w="691"/><wx w="677"/><wx w="568"/><wx w="529"/><wx w="611"/><wx w="536"/><wx w="607"/><wx w="564"/><wx w="659"/><wx w="500"/><wx w="591"/><wx w="521"/><wx w="568"/><wx w="477"/><wx w="728"/><wx w="490"/><wx w="577"/><wx w="517"/><wx w="554"/><wx w="433"/><wx w="433"/><wx w="656"/><wx w="660"/><wx w="660"/><wx w="490"/><wx w="645"/><wx w="477"/><wx w="666"/><wx w="484"/><wx w="639"/><wx w="6"/><wx w="442"/><wx w="211"/><wx w="211"/><wx w="211"/><wx w="6"/><wx w="3"/><wx w="6"/><wx w="6"/><wx w="6"/><wx w="84"/><wx w="6"/><wx w="6"/><wx w="224"/><wx w="234"/><wx w="211"/><wx w="211"/><wx w="6"/><wx w="6"/><wx w="839"/><wx w="15"/><wx w="0"/><wx w="9"/><wx w="9"/><wx w="12"/><wx w="750"/><wx w="779"/><wx w="522"/><wx w="703"/><wx w="613"/><wx w="536"/><wx w="728"/><wx w="554"/><wx w="899"/><wx w="625"/><wx w="625"/><wx w="625"/><wx w="674"/><wx w="674"/><wx w="575"/><wx w="575"/><wx w="575"/><wx w="575"/><wx w="575"/><wx w="575"/><wx w="575"/><wx w="575"/><wx w="575"/><wx w="575"/><wx w="365"/><wx w="211"/><wx w="211"/><wx w="211"/><wx w="211"/><wx w="211"/><wx w="211"/><wx w="0"/><wx w="3"/><wx w="585"/><wx w="439"/><wx w="585"/><wx w="238"/><wx w="237"/><wx w="389"/><wx w="519"/><wx w="519"/><wx w="389"/><wx w="389"/><wx w="389"/><wx w="933"/><wx w="389"/><wx w="1164"/><wx w="1164"/><wx w="1164"/><wx w="248"/><wx w="1164"/><wx w="0"/><wx w="196"/><wx w="6"/><wx w="6"/><wx w="568"/><wx w="529"/><wx w="899"/><wx w="899"/><wx w="463"/><wx w="6"/><wx w="211"/><wx w="6"/><wx w="6"/><wx w="6"/><wx w="484"/><wx w="641"/><wx w="641"/><wx w="522"/><wx w="609"/><wx w="671"/><wx w="673"/><wx w="604"/><wx w="692"/><wx w="630"/><wx w="629"/><wx w="686"/><wx w="720"/><wx w="715"/><wx w="466"/><wx w="773"/><wx w="623"/><wx w="730"/><wx w="708"/><wx w="741"/><wx w="575"/><wx w="605"/><wx w="483"/><wx w="541"/><wx w="284"/><wx w="355"/><wx w="386"/><wx w="686"/><wx w="466"/><wx w="457"/><wx w="446"/><wx w="551"/><wx w="644"/><wx w="488"/><wx w="578"/><wx w="361"/><wx w="334"/><wx w="424"/><wx w="417"/><wx w="359"/><wx w="318"/><wx w="318"/><wx w="248"/><wx w="466"/><wx w="260"/><wx w="380"/><wx w="287"/><wx w="323"/><wx w="466"/><wx w="699"/><wx w="421"/><wx w="534"/><wx w="534"/><wx w="260"/><wx w="413"/><wx w="248"/><wx w="484"/><wx w="510"/><wx w="380"/><wx w="480"/><wx w="562"/><wx w="505"/><wx w="480"/><wx w="610"/><wx w="730"/><wx w="632"/><wx w="664"/><wx w="618"/><wx w="618"/><wx w="674"/><wx w="626"/><wx w="429"/><wx w="628"/><wx w="488"/><wx w="586"/><wx w="641"/><wx w="644"/><wx w="488"/><wx w="554"/><wx w="554"/><wx w="517"/><wx w="618"/><wx w="597"/><wx w="597"/><wx w="764"/><wx w="728"/><wx w="800"/><wx w="474"/><wx w="774"/><wx w="488"/><wx w="226"/><wx w="656"/><wx w="651"/><wx w="211"/><wx w="211"/><wx w="214"/><wx w="212"/><wx w="211"/><wx w="211"/><wx w="211"/><wx w="211"/><wx w="211"/><wx w="416"/><wx w="442"/><wx w="446"/><wx w="373"/><wx w="478"/><wx w="463"/><wx w="435"/><wx w="522"/><wx w="6"/><wx w="6"/><wx w="505"/><wx w="6"/><wx w="3"/><wx w="225"/><wx w="211"/><wx w="211"/><wx w="211"/><wx w="211"/><wx w="211"/><wx w="211"/><wx w="6"/><wx w="6"/><wx w="6"/><wx w="6"/><wx w="6"/><wx w="6"/><wx w="211"/><wx w="211"/><wx w="6"/><wx w="431"/><wx w="220"/><wx w="458"/><wx w="603"/><wx w="650"/><wx w="568"/><wx w="529"/><wx w="611"/><wx w="536"/><wx w="500"/><wx w="730"/><wx w="761"/><wx w="510"/><wx w="575"/><wx w="634"/><wx w="605"/><wx w="627"/><wx w="686"/><wx w="699"/><wx w="663"/><wx w="554"/><wx w="517"/><wx w="597"/><wx w="524"/><wx w="593"/><wx w="601"/><wx w="644"/><wx w="488"/><wx w="541"/><wx w="554"/><wx w="480"/><wx w="571"/><wx w="505"/><wx w="541"/><wx w="423"/><wx w="640"/><wx w="610"/><wx w="808"/><wx w="787"/><wx w="814"/><wx w="757"/><wx w="550"/><wx w="449"/><wx w="610"/><wx w="435"/><wx w="334"/><wx w="581"/><wx w="569"/><wx w="581"/><wx w="367"/><wx w="581"/><wx w="530"/><wx w="248"/><wx w="650"/><wx w="484"/><wx w="500"/><wx w="568"/><wx w="529"/><wx w="611"/><wx w="536"/><wx w="500"/><wx w="484"/><wx w="650"/><wx w="808"/><wx w="787"/><wx w="581"/><wx w="581"/><wx w="569"/><wx w="581"/><wx w="466"/><wx w="466"/></cid-widths></multibyte-extras></font-metrics>