<?xml version="1.0" encoding="UTF-8"?>
<font-metrics metrics-version="2" type="TYPE0">
 <font-name>KedageNormal_UID</font-name>
 <full-name>Kedage Normal UID</full-name>
 <family-name>Kedage_UID</family-name>
 <embed />
 <cap-height>702</cap-height>
 <x-height>522</x-height>
 <ascender>534</ascender>
 <descender>-7</descender>
 <bbox>
  <left>-653</left>
  <bottom>-498</bottom>
  <right>1805</right>
  <top>1027</top>
 </bbox>
 <flags>33</flags>
 <stemv>0</stemv>
 <italicangle>0</italicangle>
 <subtype>TYPE0</subtype>
 <multibyte-extras>
  <cid-type>CIDFontType2</cid-type>
  <default-width>0</default-width>
  <bfranges>
   <bf gi="3" ue="126" us="32" />
   <bf gi="98" ue="3203" us="3202" />
   <bf gi="100" ue="3211" us="3205" />
   <bf gi="107" ue="3216" us="3214" />
   <bf gi="110" ue="3240" us="3218" />
   <bf gi="133" ue="3251" us="3242" />
   <bf gi="143" ue="3257" us="3253" />
   <bf gi="148" ue="3268" us="3262" />
   <bf gi="155" ue="3272" us="3270" />
   <bf gi="158" ue="3277" us="3274" />
   <bf gi="162" ue="3286" us="3285" />
   <bf gi="164" ue="3294" us="3294" />
   <bf gi="165" ue="3296" us="3296" />
   <bf gi="166" ue="3311" us="3302" />
   <bf gi="0" ue="65535" us="65535" />
  </bfranges>
  <cid-widths start-index="0">
   <wx w="500" />
   <wx w="0" />
   <wx w="317" />
   <wx w="317" />
   <wx w="277" />
   <wx w="354" />
   <wx w="556" />
   <wx w="556" />
   <wx w="889" />
   <wx w="666" />
   <wx w="190" />
   <wx w="333" />
   <wx w="333" />
   <wx w="389" />
   <wx w="583" />
   <wx w="277" />
   <wx w="333" />
   <wx w="277" />
   <wx w="277" />
   <wx w="499" />
   <wx w="492" />
   <wx w="498" />
   <wx w="500" />
   <wx w="496" />
   <wx w="500" />
   <wx w="499" />
   <wx w="500" />
   <wx w="500" />
   <wx w="500" />
   <wx w="277" />
   <wx w="277" />
   <wx w="583" />
   <wx w="583" />
   <wx w="583" />
   <wx w="556" />
   <wx w="1015" />
   <wx w="666" />
   <wx w="666" />
   <wx w="722" />
   <wx w="722" />
   <wx w="666" />
   <wx w="610" />
   <wx w="777" />
   <wx w="722" />
   <wx w="277" />
   <wx w="500" />
   <wx w="666" />
   <wx w="556" />
   <wx w="833" />
   <wx w="722" />
   <wx w="777" />
   <wx w="666" />
   <wx w="777" />
   <wx w="722" />
   <wx w="666" />
   <wx w="610" />
   <wx w="722" />
   <wx w="666" />
   <wx w="943" />
   <wx w="666" />
   <wx w="666" />
   <wx w="610" />
   <wx w="277" />
   <wx w="277" />
   <wx w="277" />
   <wx w="469" />
   <wx w="556" />
   <wx w="333" />
   <wx w="556" />
   <wx w="556" />
   <wx w="500" />
   <wx w="556" />
   <wx w="556" />
   <wx w="277" />
   <wx w="556" />
   <wx w="556" />
   <wx w="222" />
   <wx w="222" />
   <wx w="500" />
   <wx w="222" />
   <wx w="833" />
   <wx w="556" />
   <wx w="556" />
   <wx w="556" />
   <wx w="556" />
   <wx w="333" />
   <wx w="500" />
   <wx w="277" />
   <wx w="556" />
   <wx w="500" />
   <wx w="722" />
   <wx w="500" />
   <wx w="500" />
   <wx w="500" />
   <wx w="333" />
   <wx w="259" />
   <wx w="277" />
   <wx w="333" />
   <wx w="508" />
   <wx w="299" />
   <wx w="737" />
   <wx w="737" />
   <wx w="729" />
   <wx w="948" />
   <wx w="1020" />
   <wx w="1307" />
   <wx w="1211" />
   <wx w="729" />
   <wx w="729" />
   <wx w="729" />
   <wx w="729" />
   <wx w="729" />
   <wx w="729" />
   <wx w="485" />
   <wx w="810" />
   <wx w="591" />
   <wx w="850" />
   <wx w="712" />
   <wx w="712" />
   <wx w="712" />
   <wx w="712" />
   <wx w="1254" />
   <wx w="1005" />
   <wx w="712" />
   <wx w="587" />
   <wx w="712" />
   <wx w="712" />
   <wx w="779" />
   <wx w="600" />
   <wx w="712" />
   <wx w="712" />
   <wx w="712" />
   <wx w="601" />
   <wx w="712" />
   <wx w="712" />
   <wx w="712" />
   <wx w="712" />
   <wx w="1043" />
   <wx w="1171" />
   <wx w="587" />
   <wx w="712" />
   <wx w="701" />
   <wx w="600" />
   <wx w="712" />
   <wx w="600" />
   <wx w="712" />
   <wx w="600" />
   <wx w="745" />
   <wx w="389" />
   <wx w="409" />
   <wx w="409" />
   <wx w="366" />
   <wx w="695" />
   <wx w="198" />
   <wx w="136" />
   <wx w="9" />
   <wx w="409" />
   <wx w="184" />
   <wx w="695" />
   <wx w="1074" />
   <wx w="509" />
   <wx w="403" />
   <wx w="409" />
   <wx w="184" />
   <wx w="712" />
   <wx w="1570" />
   <wx w="600" />
   <wx w="600" />
   <wx w="600" />
   <wx w="600" />
   <wx w="600" />
   <wx w="600" />
   <wx w="600" />
   <wx w="600" />
   <wx w="600" />
   <wx w="600" />
   <wx w="870" />
   <wx w="755" />
   <wx w="1514" />
   <wx w="541" />
   <wx w="419" />
   <wx w="541" />
   <wx w="1000" />
   <wx w="158" />
   <wx w="1000" />
   <wx w="439" />
   <wx w="158" />
   <wx w="1000" />
   <wx w="520" />
   <wx w="791" />
   <wx w="1000" />
   <wx w="133" />
   <wx w="136" />
   <wx w="126" />
   <wx w="184" />
   <wx w="695" />
   <wx w="610" />
   <wx w="492" />
   <wx w="821" />
   <wx w="604" />
   <wx w="861" />
   <wx w="712" />
   <wx w="712" />
   <wx w="725" />
   <wx w="736" />
   <wx w="1267" />
   <wx w="1005" />
   <wx w="712" />
   <wx w="611" />
   <wx w="725" />
   <wx w="725" />
   <wx w="750" />
   <wx w="600" />
   <wx w="712" />
   <wx w="712" />
   <wx w="712" />
   <wx w="601" />
   <wx w="712" />
   <wx w="712" />
   <wx w="736" />
   <wx w="736" />
   <wx w="1056" />
   <wx w="1171" />
   <wx w="611" />
   <wx w="712" />
   <wx w="793" />
   <wx w="611" />
   <wx w="712" />
   <wx w="600" />
   <wx w="712" />
   <wx w="600" />
   <wx w="745" />
   <wx w="712" />
   <wx w="206" />
   <wx w="121" />
   <wx w="92" />
   <wx w="126" />
   <wx w="70" />
   <wx w="141" />
   <wx w="122" />
   <wx w="62" />
   <wx w="218" />
   <wx w="186" />
   <wx w="119" />
   <wx w="24" />
   <wx w="146" />
   <wx w="146" />
   <wx w="79" />
   <wx w="122" />
   <wx w="68" />
   <wx w="68" />
   <wx w="68" />
   <wx w="122" />
   <wx w="120" />
   <wx w="120" />
   <wx w="159" />
   <wx w="159" />
   <wx w="160" />
   <wx w="186" />
   <wx w="118" />
   <wx w="36" />
   <wx w="156" />
   <wx w="104" />
   <wx w="229" />
   <wx w="139" />
   <wx w="122" />
   <wx w="128" />
   <wx w="178" />
   <wx w="47" />
   <wx w="204" />
   <wx w="216" />
   <wx w="139" />
   <wx w="269" />
   <wx w="226" />
   <wx w="277" />
   <wx w="217" />
   <wx w="214" />
   <wx w="283" />
   <wx w="316" />
   <wx w="255" />
   <wx w="138" />
   <wx w="215" />
   <wx w="275" />
   <wx w="228" />
   <wx w="145" />
   <wx w="279" />
   <wx w="279" />
   <wx w="279" />
   <wx w="98" />
   <wx w="217" />
   <wx w="217" />
   <wx w="295" />
   <wx w="295" />
   <wx w="270" />
   <wx w="262" />
   <wx w="118" />
   <wx w="211" />
   <wx w="200" />
   <wx w="215" />
   <wx w="280" />
   <wx w="216" />
   <wx w="265" />
   <wx w="247" />
   <wx w="231" />
   <wx w="202" />
   <wx w="266" />
   <wx w="217" />
   <wx w="262" />
   <wx w="118" />
   <wx w="200" />
   <wx w="280" />
   <wx w="410" />
   <wx w="184" />
   <wx w="234" />
   <wx w="131" />
   <wx w="131" />
   <wx w="209" />
   <wx w="214" />
   <wx w="198" />
   <wx w="532" />
   <wx w="508" />
   <wx w="278" />
   <wx w="576" />
   <wx w="712" />
   <wx w="492" />
   <wx w="736" />
   <wx w="138" />
   <wx w="576" />
   <wx w="492" />
   <wx w="520" />
   <wx w="820" />
   <wx w="610" />
   <wx w="1224" />
   <wx w="819" />
   <wx w="823" />
   <wx w="823" />
   <wx w="712" />
   <wx w="712" />
   <wx w="712" />
   <wx w="1267" />
   <wx w="1254" />
   <wx w="1395" />
   <wx w="730" />
   <wx w="600" />
   <wx w="720" />
   <wx w="720" />
   <wx w="771" />
   <wx w="600" />
   <wx w="724" />
   <wx w="724" />
   <wx w="724" />
   <wx w="624" />
   <wx w="724" />
   <wx w="724" />
   <wx w="866" />
   <wx w="1228" />
   <wx w="1228" />
   <wx w="732" />
   <wx w="732" />
   <wx w="1050" />
   <wx w="1043" />
   <wx w="1200" />
   <wx w="1186" />
   <wx w="1171" />
   <wx w="1319" />
   <wx w="600" />
   <wx w="717" />
   <wx w="607" />
   <wx w="727" />
   <wx w="616" />
   <wx w="724" />
   <wx w="605" />
   <wx w="753" />
   <wx w="577" />
   <wx w="712" />
   <wx w="577" />
   <wx w="900" />
   <wx w="1192" />
   <wx w="937" />
   <wx w="1174" />
   <wx w="1085" />
   <wx w="1109" />
   <wx w="1050" />
   <wx w="1061" />
   <wx w="1618" />
   <wx w="1384" />
   <wx w="1057" />
   <wx w="940" />
   <wx w="1023" />
   <wx w="1023" />
   <wx w="1079" />
   <wx w="931" />
   <wx w="1032" />
   <wx w="1032" />
   <wx w="1032" />
   <wx w="937" />
   <wx w="1060" />
   <wx w="1060" />
   <wx w="1081" />
   <wx w="1081" />
   <wx w="1393" />
   <wx w="1522" />
   <wx w="940" />
   <wx w="1080" />
   <wx w="1078" />
   <wx w="976" />
   <wx w="1025" />
   <wx w="946" />
   <wx w="1061" />
   <wx w="930" />
   <wx w="1063" />
   <wx w="1087" />
   <wx w="879" />
   <wx w="1062" />
   <wx w="879" />
   <wx w="1228" />
   <wx w="1404" />
   <wx w="1228" />
   <wx w="569" />
   <wx w="409" />
   <wx w="528" />
   <wx w="1613" />
   <wx w="1613" />
   <wx w="1735" />
   <wx w="1865" />
   <wx w="1535" />
   <wx w="139" />
   <wx w="226" />
   <wx w="217" />
   <wx w="214" />
   <wx w="283" />
   <wx w="316" />
   <wx w="138" />
   <wx w="275" />
   <wx w="275" />
   <wx w="228" />
   <wx w="279" />
   <wx w="279" />
   <wx w="279" />
   <wx w="211" />
   <wx w="200" />
   <wx w="280" />
   <wx w="265" />
   <wx w="231" />
   <wx w="202" />
   <wx w="756" />
   <wx w="332" />
   <wx w="189" />
   <wx w="359" />
   <wx w="589" />
   <wx w="409" />
   <wx w="293" />
   <wx w="293" />
   <wx w="1074" />
   <wx w="1000" />
   <wx w="1000" />
   <wx w="1000" />
   <wx w="1000" />
   <wx w="1000" />
   <wx w="1000" />
   <wx w="1000" />
   <wx w="1000" />
   <wx w="1000" />
   <wx w="1000" />
   <wx w="1000" />
   <wx w="1000" />
   <wx w="1000" />
   <wx w="1000" />
   <wx w="1000" />
   <wx w="1000" />
   <wx w="1000" />
   <wx w="1000" />
   <wx w="1000" />
   <wx w="1000" />
   <wx w="1000" />
   <wx w="1000" />
   <wx w="1000" />
   <wx w="1000" />
   <wx w="1000" />
   <wx w="1000" />
   <wx w="1000" />
   <wx w="1000" />
   <wx w="1000" />
   <wx w="1000" />
   <wx w="1000" />
   <wx w="1000" />
   <wx w="1000" />
   <wx w="1000" />
   <wx w="1000" />
   <wx w="1000" />
   <wx w="1000" />
   <wx w="1000" />
   <wx w="1000" />
   <wx w="1000" />
   <wx w="1000" />
   <wx w="1000" />
   <wx w="1000" />
   <wx w="1000" />
   <wx w="1000" />
   <wx w="1000" />
   <wx w="1000" />
   <wx w="1000" />
   <wx w="1000" />
   <wx w="1000" />
   <wx w="1000" />
   <wx w="1000" />
   <wx w="1000" />
   <wx w="1000" />
   <wx w="1000" />
   <wx w="1000" />
   <wx w="1000" />
   <wx w="1000" />
   <wx w="1000" />
   <wx w="1000" />
   <wx w="1000" />
   <wx w="1000" />
   <wx w="1000" />
   <wx w="1000" />
   <wx w="1000" />
   <wx w="1000" />
   <wx w="1000" />
   <wx w="1000" />
   <wx w="1000" />
   <wx w="1000" />
   <wx w="1000" />
   <wx w="1000" />
   <wx w="1000" />
   <wx w="1000" />
   <wx w="1000" />
   <wx w="1000" />
   <wx w="1000" />
   <wx w="1000" />
   <wx w="1000" />
   <wx w="1000" />
   <wx w="1000" />
   <wx w="1000" />
   <wx w="1000" />
   <wx w="1000" />
   <wx w="1000" />
   <wx w="1000" />
   <wx w="1000" />
   <wx w="1000" />
   <wx w="1000" />
   <wx w="1000" />
   <wx w="1000" />
   <wx w="1000" />
   <wx w="1000" />
   <wx w="1000" />
   <wx w="1000" />
   <wx w="1000" />
   <wx w="1000" />
   <wx w="1000" />
   <wx w="1000" />
   <wx w="1000" />
   <wx w="1000" />
   <wx w="1000" />
   <wx w="1000" />
   <wx w="1000" />
   <wx w="1000" />
   <wx w="1000" />
   <wx w="1000" />
   <wx w="1000" />
   <wx w="1000" />
   <wx w="1000" />
   <wx w="1000" />
   <wx w="1000" />
   <wx w="1000" />
   <wx w="1000" />
   <wx w="1000" />
   <wx w="1000" />
   <wx w="1000" />
   <wx w="1000" />
   <wx w="1000" />
   <wx w="1000" />
   <wx w="1000" />
   <wx w="1000" />
   <wx w="1000" />
   <wx w="1000" />
   <wx w="1000" />
   <wx w="1000" />
   <wx w="1000" />
   <wx w="1000" />
   <wx w="1000" />
   <wx w="1000" />
   <wx w="1000" />
   <wx w="1000" />
   <wx w="1000" />
   <wx w="1000" />
   <wx w="1000" />
   <wx w="1000" />
   <wx w="1000" />
   <wx w="1000" />
   <wx w="1000" />
   <wx w="1000" />
   <wx w="1000" />
   <wx w="1000" />
   <wx w="1000" />
   <wx w="1000" />
   <wx w="1000" />
   <wx w="1000" />
   <wx w="1000" />
   <wx w="1000" />
   <wx w="1000" />
   <wx w="1000" />
   <wx w="1000" />
   <wx w="1000" />
   <wx w="1000" />
   <wx w="1000" />
   <wx w="1000" />
   <wx w="1000" />
   <wx w="1000" />
   <wx w="1000" />
   <wx w="1000" />
   <wx w="1000" />
   <wx w="1000" />
   <wx w="1000" />
   <wx w="1000" />
   <wx w="1000" />
   <wx w="1000" />
   <wx w="1000" />
   <wx w="1000" />
   <wx w="1000" />
   <wx w="1000" />
   <wx w="1000" />
   <wx w="1000" />
   <wx w="1000" />
   <wx w="1000" />
   <wx w="1000" />
   <wx w="1000" />
   <wx w="1000" />
   <wx w="1000" />
   <wx w="1000" />
   <wx w="1000" />
   <wx w="1000" />
   <wx w="1000" />
   <wx w="1000" />
   <wx w="1000" />
   <wx w="1000" />
   <wx w="1000" />
   <wx w="1000" />
   <wx w="1000" />
   <wx w="1000" />
   <wx w="1000" />
   <wx w="1000" />
   <wx w="1000" />
   <wx w="1000" />
   <wx w="1000" />
   <wx w="1000" />
   <wx w="1000" />
   <wx w="1000" />
   <wx w="1000" />
   <wx w="1000" />
   <wx w="1000" />
   <wx w="1000" />
   <wx w="1000" />
   <wx w="1000" />
   <wx w="1000" />
   <wx w="1000" />
   <wx w="1000" />
   <wx w="1000" />
   <wx w="1000" />
   <wx w="1000" />
   <wx w="1000" />
   <wx w="1000" />
   <wx w="1000" />
   <wx w="1000" />
   <wx w="1000" />
   <wx w="1000" />
   <wx w="1000" />
   <wx w="1000" />
   <wx w="1000" />
   <wx w="1000" />
   <wx w="1000" />
   <wx w="1000" />
   <wx w="1000" />
   <wx w="1000" />
   <wx w="1000" />
   <wx w="1000" />
   <wx w="1000" />
   <wx w="1000" />
   <wx w="1000" />
   <wx w="1000" />
   <wx w="1000" />
   <wx w="1000" />
   <wx w="1000" />
   <wx w="1000" />
   <wx w="1000" />
   <wx w="1000" />
   <wx w="1000" />
   <wx w="1000" />
   <wx w="1000" />
   <wx w="1000" />
   <wx w="1000" />
   <wx w="1000" />
   <wx w="1000" />
   <wx w="1000" />
   <wx w="1000" />
   <wx w="1000" />
   <wx w="1000" />
   <wx w="1000" />
   <wx w="1000" />
   <wx w="1000" />
   <wx w="1000" />
   <wx w="1000" />
   <wx w="1000" />
   <wx w="1000" />
   <wx w="1000" />
   <wx w="1000" />
   <wx w="1000" />
   <wx w="1000" />
   <wx w="1000" />
   <wx w="1000" />
   <wx w="1000" />
   <wx w="1000" />
   <wx w="1000" />
   <wx w="1000" />
   <wx w="1000" />
   <wx w="1000" />
   <wx w="1000" />
   <wx w="1000" />
   <wx w="1000" />
   <wx w="1000" />
   <wx w="1000" />
   <wx w="1000" />
   <wx w="1000" />
   <wx w="1000" />
   <wx w="1000" />
   <wx w="1000" />
   <wx w="1000" />
   <wx w="1000" />
   <wx w="1000" />
   <wx w="1000" />
   <wx w="1000" />
   <wx w="1000" />
   <wx w="1000" />
   <wx w="1000" />
   <wx w="1000" />
   <wx w="1000" />
   <wx w="1000" />
   <wx w="1000" />
   <wx w="1000" />
   <wx w="1000" />
   <wx w="1000" />
   <wx w="1000" />
   <wx w="1000" />
   <wx w="1000" />
   <wx w="1000" />
   <wx w="1000" />
   <wx w="1000" />
   <wx w="1000" />
   <wx w="1000" />
   <wx w="1000" />
   <wx w="1000" />
   <wx w="1000" />
   <wx w="1000" />
   <wx w="1000" />
   <wx w="1000" />
   <wx w="1000" />
   <wx w="1000" />
   <wx w="1000" />
   <wx w="1000" />
   <wx w="1000" />
   <wx w="1000" />
   <wx w="1000" />
   <wx w="1000" />
   <wx w="1000" />
   <wx w="1000" />
   <wx w="1000" />
   <wx w="1000" />
   <wx w="1000" />
   <wx w="1000" />
   <wx w="1000" />
   <wx w="1000" />
   <wx w="1000" />
   <wx w="1000" />
   <wx w="1000" />
   <wx w="1000" />
   <wx w="1000" />
   <wx w="1000" />
   <wx w="1000" />
   <wx w="1000" />
   <wx w="1000" />
   <wx w="1000" />
   <wx w="1000" />
   <wx w="1000" />
   <wx w="1000" />
   <wx w="1000" />
   <wx w="1000" />
   <wx w="1000" />
   <wx w="1000" />
   <wx w="1000" />
   <wx w="1000" />
   <wx w="1000" />
   <wx w="1000" />
   <wx w="1000" />
   <wx w="1000" />
   <wx w="1000" />
   <wx w="1000" />
   <wx w="1000" />
   <wx w="1000" />
   <wx w="1000" />
   <wx w="1000" />
   <wx w="1000" />
   <wx w="1000" />
   <wx w="1000" />
  </cid-widths>
 </multibyte-extras>
</font-metrics>