<?xml version="1.0" encoding="UTF-8"?>
<font-metrics metrics-version="2" type="TYPE0">
 <font-name>lohit_te_uid</font-name>
 <full-name>Lohit Telugu UID</full-name>
 <family-name>Ubuntu</family-name>
 <embed />
 <cap-height>693</cap-height>
 <x-height>520</x-height>
 <ascender>776</ascender>
 <descender>-185</descender>
 <bbox>
  <left>-1102</left>
  <bottom>-764</bottom>
  <right>2157</right>
  <top>1173</top>
 </bbox>
 <flags>33</flags>
 <stemv>0</stemv>
 <italicangle>0</italicangle>
 <subtype>TYPE0</subtype>
 <multibyte-extras>
  <cid-type>CIDFontType2</cid-type>
  <default-width>0</default-width>
  <bfranges>
   <bf gi="1" ue="0" us="0" />
   <bf gi="1" ue="9" us="8" />
   <bf gi="2" ue="13" us="13" />
   <bf gi="1" ue="29" us="29" />
   <bf gi="3" ue="126" us="32" />
   <bf gi="98" ue="591" us="160" />
   <bf gi="530" ue="658" us="658" />
   <bf gi="531" ue="700" us="700" />
   <bf gi="532" ue="711" us="710" />
   <bf gi="534" ue="713" us="713" />
   <bf gi="535" ue="733" us="728" />
   <bf gi="541" ue="785" us="785" />
   <bf gi="542" ue="902" us="900" />
   <bf gi="545" ue="906" us="904" />
   <bf gi="548" ue="908" us="908" />
   <bf gi="549" ue="929" us="910" />
   <bf gi="569" ue="974" us="931" />
   <bf gi="613" ue="1119" us="1024" />
   <bf gi="709" ue="1123" us="1122" />
   <bf gi="711" ue="1141" us="1138" />
   <bf gi="715" ue="1273" us="1162" />
   <bf gi="827" ue="2405" us="2404" />
   <bf gi="829" ue="3075" us="3073" />
   <bf gi="832" ue="3084" us="3077" />
   <bf gi="840" ue="3088" us="3086" />
   <bf gi="843" ue="3112" us="3090" />
   <bf gi="866" ue="3123" us="3114" />
   <bf gi="876" ue="3129" us="3125" />
   <bf gi="881" ue="3140" us="3134" />
   <bf gi="888" ue="3144" us="3142" />
   <bf gi="891" ue="3149" us="3146" />
   <bf gi="895" ue="3158" us="3157" />
   <bf gi="897" ue="3169" us="3168" />
   <bf gi="899" ue="3183" us="3174" />
   <bf gi="909" ue="7813" us="7808" />
   <bf gi="915" ue="7923" us="7922" />
   <bf gi="917" ue="7957" us="7936" />
   <bf gi="939" ue="7965" us="7960" />
   <bf gi="945" ue="8005" us="7968" />
   <bf gi="983" ue="8013" us="8008" />
   <bf gi="989" ue="8023" us="8016" />
   <bf gi="997" ue="8025" us="8025" />
   <bf gi="998" ue="8027" us="8027" />
   <bf gi="999" ue="8029" us="8029" />
   <bf gi="1000" ue="8061" us="8031" />
   <bf gi="1031" ue="8116" us="8064" />
   <bf gi="1084" ue="8132" us="8118" />
   <bf gi="1099" ue="8147" us="8134" />
   <bf gi="1113" ue="8155" us="8150" />
   <bf gi="1119" ue="8175" us="8157" />
   <bf gi="1138" ue="8180" us="8178" />
   <bf gi="1141" ue="8190" us="8182" />
   <bf gi="1150" ue="8205" us="8204" />
   <bf gi="1152" ue="8213" us="8211" />
   <bf gi="1155" ue="8218" us="8216" />
   <bf gi="1158" ue="8222" us="8220" />
   <bf gi="1161" ue="8226" us="8224" />
   <bf gi="1164" ue="8230" us="8230" />
   <bf gi="1165" ue="8240" us="8240" />
   <bf gi="1166" ue="8250" us="8249" />
   <bf gi="1168" ue="8260" us="8260" />
   <bf gi="1169" ue="8304" us="8304" />
   <bf gi="1170" ue="8313" us="8308" />
   <bf gi="1176" ue="8329" us="8320" />
   <bf gi="1186" ue="8364" us="8364" />
   <bf gi="1187" ue="8366" us="8366" />
   <bf gi="1188" ue="8372" us="8372" />
   <bf gi="1189" ue="8377" us="8377" />
   <bf gi="1190" ue="8467" us="8467" />
   <bf gi="1191" ue="8470" us="8470" />
   <bf gi="1192" ue="8482" us="8482" />
   <bf gi="1193" ue="8486" us="8486" />
   <bf gi="1194" ue="8494" us="8494" />
   <bf gi="1195" ue="8542" us="8531" />
   <bf gi="1207" ue="8706" us="8706" />
   <bf gi="1208" ue="8710" us="8710" />
   <bf gi="1209" ue="8719" us="8719" />
   <bf gi="1210" ue="8722" us="8721" />
   <bf gi="1212" ue="8725" us="8725" />
   <bf gi="1213" ue="8730" us="8729" />
   <bf gi="1215" ue="8734" us="8734" />
   <bf gi="1216" ue="8747" us="8747" />
   <bf gi="1217" ue="8776" us="8776" />
   <bf gi="1218" ue="8800" us="8800" />
   <bf gi="1219" ue="8805" us="8804" />
   <bf gi="1221" ue="9674" us="9674" />
   <bf gi="1222" ue="9676" us="9676" />
   <bf gi="1223" ue="57599" us="57599" />
   <bf gi="1224" ue="61437" us="61437" />
   <bf gi="1225" ue="61442" us="61440" />
   <bf gi="1228" ue="62737" us="62726" />
   <bf gi="1240" ue="63517" us="63488" />
   <bf gi="1270" ue="64260" us="64256" />
   <bf gi="0" ue="65535" us="65535" />
  </bfranges>
  <cid-widths start-index="0">
   <wx w="500" />
   <wx w="0" />
   <wx w="235" />
   <wx w="235" />
   <wx w="280" />
   <wx w="422" />
   <wx w="671" />
   <wx w="568" />
   <wx w="862" />
   <wx w="670" />
   <wx w="245" />
   <wx w="328" />
   <wx w="328" />
   <wx w="484" />
   <wx w="568" />
   <wx w="250" />
   <wx w="303" />
   <wx w="250" />
   <wx w="388" />
   <wx w="568" />
   <wx w="568" />
   <wx w="568" />
   <wx w="568" />
   <wx w="568" />
   <wx w="568" />
   <wx w="568" />
   <wx w="568" />
   <wx w="568" />
   <wx w="568" />
   <wx w="250" />
   <wx w="250" />
   <wx w="568" />
   <wx w="568" />
   <wx w="568" />
   <wx w="408" />
   <wx w="954" />
   <wx w="667" />
   <wx w="647" />
   <wx w="624" />
   <wx w="717" />
   <wx w="575" />
   <wx w="541" />
   <wx w="676" />
   <wx w="709" />
   <wx w="273" />
   <wx w="504" />
   <wx w="633" />
   <wx w="523" />
   <wx w="875" />
   <wx w="732" />
   <wx w="782" />
   <wx w="612" />
   <wx w="782" />
   <wx w="633" />
   <wx w="536" />
   <wx w="569" />
   <wx w="692" />
   <wx w="660" />
   <wx w="933" />
   <wx w="635" />
   <wx w="602" />
   <wx w="577" />
   <wx w="333" />
   <wx w="388" />
   <wx w="333" />
   <wx w="568" />
   <wx w="496" />
   <wx w="380" />
   <wx w="526" />
   <wx w="593" />
   <wx w="469" />
   <wx w="593" />
   <wx w="563" />
   <wx w="390" />
   <wx w="582" />
   <wx w="575" />
   <wx w="257" />
   <wx w="257" />
   <wx w="526" />
   <wx w="277" />
   <wx w="865" />
   <wx w="578" />
   <wx w="594" />
   <wx w="593" />
   <wx w="593" />
   <wx w="390" />
   <wx w="450" />
   <wx w="406" />
   <wx w="578" />
   <wx w="506" />
   <wx w="781" />
   <wx w="515" />
   <wx w="501" />
   <wx w="475" />
   <wx w="337" />
   <wx w="283" />
   <wx w="337" />
   <wx w="568" />
   <wx w="235" />
   <wx w="280" />
   <wx w="568" />
   <wx w="568" />
   <wx w="568" />
   <wx w="568" />
   <wx w="283" />
   <wx w="496" />
   <wx w="380" />
   <wx w="818" />
   <wx w="393" />
   <wx w="503" />
   <wx w="568" />
   <wx w="303" />
   <wx w="818" />
   <wx w="380" />
   <wx w="336" />
   <wx w="568" />
   <wx w="363" />
   <wx w="363" />
   <wx w="380" />
   <wx w="584" />
   <wx w="650" />
   <wx w="250" />
   <wx w="380" />
   <wx w="363" />
   <wx w="450" />
   <wx w="503" />
   <wx w="878" />
   <wx w="878" />
   <wx w="878" />
   <wx w="408" />
   <wx w="667" />
   <wx w="667" />
   <wx w="667" />
   <wx w="667" />
   <wx w="667" />
   <wx w="667" />
   <wx w="939" />
   <wx w="624" />
   <wx w="575" />
   <wx w="575" />
   <wx w="575" />
   <wx w="575" />
   <wx w="273" />
   <wx w="273" />
   <wx w="273" />
   <wx w="273" />
   <wx w="730" />
   <wx w="732" />
   <wx w="782" />
   <wx w="782" />
   <wx w="782" />
   <wx w="782" />
   <wx w="782" />
   <wx w="568" />
   <wx w="782" />
   <wx w="692" />
   <wx w="692" />
   <wx w="692" />
   <wx w="692" />
   <wx w="602" />
   <wx w="613" />
   <wx w="627" />
   <wx w="526" />
   <wx w="526" />
   <wx w="526" />
   <wx w="526" />
   <wx w="526" />
   <wx w="526" />
   <wx w="863" />
   <wx w="469" />
   <wx w="563" />
   <wx w="563" />
   <wx w="563" />
   <wx w="563" />
   <wx w="257" />
   <wx w="257" />
   <wx w="257" />
   <wx w="257" />
   <wx w="593" />
   <wx w="578" />
   <wx w="594" />
   <wx w="594" />
   <wx w="594" />
   <wx w="594" />
   <wx w="594" />
   <wx w="568" />
   <wx w="594" />
   <wx w="578" />
   <wx w="578" />
   <wx w="578" />
   <wx w="578" />
   <wx w="501" />
   <wx w="593" />
   <wx w="501" />
   <wx w="667" />
   <wx w="526" />
   <wx w="667" />
   <wx w="526" />
   <wx w="667" />
   <wx w="526" />
   <wx w="624" />
   <wx w="469" />
   <wx w="624" />
   <wx w="469" />
   <wx w="624" />
   <wx w="469" />
   <wx w="624" />
   <wx w="469" />
   <wx w="717" />
   <wx w="626" />
   <wx w="730" />
   <wx w="593" />
   <wx w="575" />
   <wx w="563" />
   <wx w="575" />
   <wx w="563" />
   <wx w="575" />
   <wx w="563" />
   <wx w="575" />
   <wx w="563" />
   <wx w="575" />
   <wx w="563" />
   <wx w="676" />
   <wx w="582" />
   <wx w="676" />
   <wx w="582" />
   <wx w="676" />
   <wx w="582" />
   <wx w="676" />
   <wx w="582" />
   <wx w="709" />
   <wx w="575" />
   <wx w="735" />
   <wx w="575" />
   <wx w="273" />
   <wx w="257" />
   <wx w="273" />
   <wx w="257" />
   <wx w="273" />
   <wx w="257" />
   <wx w="273" />
   <wx w="257" />
   <wx w="273" />
   <wx w="257" />
   <wx w="772" />
   <wx w="514" />
   <wx w="504" />
   <wx w="257" />
   <wx w="633" />
   <wx w="526" />
   <wx w="541" />
   <wx w="523" />
   <wx w="277" />
   <wx w="523" />
   <wx w="277" />
   <wx w="523" />
   <wx w="288" />
   <wx w="523" />
   <wx w="373" />
   <wx w="541" />
   <wx w="291" />
   <wx w="732" />
   <wx w="578" />
   <wx w="732" />
   <wx w="578" />
   <wx w="732" />
   <wx w="578" />
   <wx w="578" />
   <wx w="732" />
   <wx w="578" />
   <wx w="782" />
   <wx w="594" />
   <wx w="782" />
   <wx w="594" />
   <wx w="782" />
   <wx w="594" />
   <wx w="997" />
   <wx w="951" />
   <wx w="633" />
   <wx w="390" />
   <wx w="633" />
   <wx w="390" />
   <wx w="633" />
   <wx w="390" />
   <wx w="536" />
   <wx w="450" />
   <wx w="536" />
   <wx w="450" />
   <wx w="536" />
   <wx w="450" />
   <wx w="536" />
   <wx w="450" />
   <wx w="569" />
   <wx w="406" />
   <wx w="569" />
   <wx w="406" />
   <wx w="569" />
   <wx w="406" />
   <wx w="692" />
   <wx w="578" />
   <wx w="692" />
   <wx w="578" />
   <wx w="692" />
   <wx w="578" />
   <wx w="692" />
   <wx w="578" />
   <wx w="692" />
   <wx w="578" />
   <wx w="692" />
   <wx w="578" />
   <wx w="933" />
   <wx w="781" />
   <wx w="602" />
   <wx w="501" />
   <wx w="602" />
   <wx w="577" />
   <wx w="475" />
   <wx w="577" />
   <wx w="475" />
   <wx w="577" />
   <wx w="475" />
   <wx w="277" />
   <wx w="593" />
   <wx w="748" />
   <wx w="623" />
   <wx w="593" />
   <wx w="593" />
   <wx w="624" />
   <wx w="624" />
   <wx w="667" />
   <wx w="512" />
   <wx w="730" />
   <wx w="818" />
   <wx w="629" />
   <wx w="593" />
   <wx w="586" />
   <wx w="575" />
   <wx w="709" />
   <wx w="576" />
   <wx w="541" />
   <wx w="568" />
   <wx w="676" />
   <wx w="654" />
   <wx w="895" />
   <wx w="380" />
   <wx w="329" />
   <wx w="668" />
   <wx w="526" />
   <wx w="291" />
   <wx w="514" />
   <wx w="979" />
   <wx w="732" />
   <wx w="578" />
   <wx w="782" />
   <wx w="782" />
   <wx w="594" />
   <wx w="1028" />
   <wx w="825" />
   <wx w="714" />
   <wx w="593" />
   <wx w="633" />
   <wx w="536" />
   <wx w="450" />
   <wx w="567" />
   <wx w="290" />
   <wx w="406" />
   <wx w="596" />
   <wx w="406" />
   <wx w="569" />
   <wx w="714" />
   <wx w="601" />
   <wx w="788" />
   <wx w="698" />
   <wx w="676" />
   <wx w="574" />
   <wx w="577" />
   <wx w="475" />
   <wx w="571" />
   <wx w="571" />
   <wx w="475" />
   <wx w="478" />
   <wx w="549" />
   <wx w="542" />
   <wx w="500" />
   <wx w="467" />
   <wx w="575" />
   <wx w="283" />
   <wx w="487" />
   <wx w="573" />
   <wx w="280" />
   <wx w="1294" />
   <wx w="1192" />
   <wx w="1068" />
   <wx w="1022" />
   <wx w="780" />
   <wx w="534" />
   <wx w="1231" />
   <wx w="989" />
   <wx w="835" />
   <wx w="667" />
   <wx w="526" />
   <wx w="273" />
   <wx w="257" />
   <wx w="782" />
   <wx w="594" />
   <wx w="692" />
   <wx w="578" />
   <wx w="692" />
   <wx w="578" />
   <wx w="692" />
   <wx w="578" />
   <wx w="692" />
   <wx w="578" />
   <wx w="692" />
   <wx w="578" />
   <wx w="563" />
   <wx w="667" />
   <wx w="526" />
   <wx w="667" />
   <wx w="526" />
   <wx w="939" />
   <wx w="863" />
   <wx w="706" />
   <wx w="594" />
   <wx w="676" />
   <wx w="582" />
   <wx w="633" />
   <wx w="526" />
   <wx w="782" />
   <wx w="594" />
   <wx w="782" />
   <wx w="594" />
   <wx w="571" />
   <wx w="475" />
   <wx w="257" />
   <wx w="1294" />
   <wx w="1192" />
   <wx w="1068" />
   <wx w="676" />
   <wx w="582" />
   <wx w="1061" />
   <wx w="647" />
   <wx w="732" />
   <wx w="578" />
   <wx w="667" />
   <wx w="526" />
   <wx w="939" />
   <wx w="863" />
   <wx w="782" />
   <wx w="594" />
   <wx w="667" />
   <wx w="526" />
   <wx w="667" />
   <wx w="526" />
   <wx w="575" />
   <wx w="563" />
   <wx w="575" />
   <wx w="563" />
   <wx w="273" />
   <wx w="257" />
   <wx w="273" />
   <wx w="257" />
   <wx w="782" />
   <wx w="594" />
   <wx w="782" />
   <wx w="594" />
   <wx w="633" />
   <wx w="390" />
   <wx w="633" />
   <wx w="390" />
   <wx w="692" />
   <wx w="578" />
   <wx w="692" />
   <wx w="578" />
   <wx w="536" />
   <wx w="450" />
   <wx w="569" />
   <wx w="406" />
   <wx w="539" />
   <wx w="440" />
   <wx w="709" />
   <wx w="575" />
   <wx w="680" />
   <wx w="731" />
   <wx w="674" />
   <wx w="595" />
   <wx w="577" />
   <wx w="475" />
   <wx w="667" />
   <wx w="526" />
   <wx w="575" />
   <wx w="563" />
   <wx w="782" />
   <wx w="594" />
   <wx w="782" />
   <wx w="594" />
   <wx w="782" />
   <wx w="594" />
   <wx w="782" />
   <wx w="594" />
   <wx w="602" />
   <wx w="501" />
   <wx w="414" />
   <wx w="722" />
   <wx w="414" />
   <wx w="257" />
   <wx w="929" />
   <wx w="929" />
   <wx w="667" />
   <wx w="645" />
   <wx w="481" />
   <wx w="536" />
   <wx w="624" />
   <wx w="450" />
   <wx w="473" />
   <wx w="481" />
   <wx w="421" />
   <wx w="660" />
   <wx w="718" />
   <wx w="656" />
   <wx w="599" />
   <wx w="578" />
   <wx w="519" />
   <wx w="295" />
   <wx w="789" />
   <wx w="593" />
   <wx w="646" />
   <wx w="402" />
   <wx w="622" />
   <wx w="521" />
   <wx w="475" />
   <wx w="380" />
   <wx w="380" />
   <wx w="380" />
   <wx w="380" />
   <wx w="380" />
   <wx w="380" />
   <wx w="380" />
   <wx w="380" />
   <wx w="380" />
   <wx w="380" />
   <wx w="380" />
   <wx w="380" />
   <wx w="380" />
   <wx w="667" />
   <wx w="638" />
   <wx w="777" />
   <wx w="341" />
   <wx w="807" />
   <wx w="728" />
   <wx w="810" />
   <wx w="277" />
   <wx w="667" />
   <wx w="647" />
   <wx w="513" />
   <wx w="655" />
   <wx w="575" />
   <wx w="577" />
   <wx w="709" />
   <wx w="782" />
   <wx w="273" />
   <wx w="633" />
   <wx w="656" />
   <wx w="875" />
   <wx w="732" />
   <wx w="556" />
   <wx w="782" />
   <wx w="703" />
   <wx w="612" />
   <wx w="567" />
   <wx w="569" />
   <wx w="602" />
   <wx w="868" />
   <wx w="635" />
   <wx w="819" />
   <wx w="788" />
   <wx w="273" />
   <wx w="602" />
   <wx w="610" />
   <wx w="507" />
   <wx w="578" />
   <wx w="277" />
   <wx w="580" />
   <wx w="610" />
   <wx w="615" />
   <wx w="507" />
   <wx w="593" />
   <wx w="507" />
   <wx w="447" />
   <wx w="578" />
   <wx w="606" />
   <wx w="277" />
   <wx w="541" />
   <wx w="513" />
   <wx w="584" />
   <wx w="506" />
   <wx w="474" />
   <wx w="594" />
   <wx w="582" />
   <wx w="599" />
   <wx w="452" />
   <wx w="617" />
   <wx w="449" />
   <wx w="580" />
   <wx w="774" />
   <wx w="515" />
   <wx w="780" />
   <wx w="842" />
   <wx w="277" />
   <wx w="580" />
   <wx w="594" />
   <wx w="580" />
   <wx w="842" />
   <wx w="575" />
   <wx w="575" />
   <wx w="755" />
   <wx w="513" />
   <wx w="624" />
   <wx w="536" />
   <wx w="273" />
   <wx w="273" />
   <wx w="504" />
   <wx w="1047" />
   <wx w="1030" />
   <wx w="753" />
   <wx w="633" />
   <wx w="732" />
   <wx w="591" />
   <wx w="703" />
   <wx w="667" />
   <wx w="623" />
   <wx w="647" />
   <wx w="513" />
   <wx w="727" />
   <wx w="575" />
   <wx w="909" />
   <wx w="576" />
   <wx w="732" />
   <wx w="732" />
   <wx w="633" />
   <wx w="711" />
   <wx w="875" />
   <wx w="709" />
   <wx w="782" />
   <wx w="703" />
   <wx w="612" />
   <wx w="624" />
   <wx w="569" />
   <wx w="591" />
   <wx w="868" />
   <wx w="635" />
   <wx w="722" />
   <wx w="635" />
   <wx w="987" />
   <wx w="1006" />
   <wx w="730" />
   <wx w="860" />
   <wx w="620" />
   <wx w="624" />
   <wx w="1034" />
   <wx w="639" />
   <wx w="526" />
   <wx w="599" />
   <wx w="552" />
   <wx w="422" />
   <wx w="607" />
   <wx w="563" />
   <wx w="767" />
   <wx w="493" />
   <wx w="601" />
   <wx w="601" />
   <wx w="541" />
   <wx w="602" />
   <wx w="735" />
   <wx w="590" />
   <wx w="594" />
   <wx w="582" />
   <wx w="593" />
   <wx w="469" />
   <wx w="467" />
   <wx w="501" />
   <wx w="770" />
   <wx w="515" />
   <wx w="590" />
   <wx w="537" />
   <wx w="827" />
   <wx w="838" />
   <wx w="602" />
   <wx w="762" />
   <wx w="532" />
   <wx w="502" />
   <wx w="815" />
   <wx w="552" />
   <wx w="563" />
   <wx w="563" />
   <wx w="575" />
   <wx w="422" />
   <wx w="502" />
   <wx w="450" />
   <wx w="257" />
   <wx w="257" />
   <wx w="257" />
   <wx w="867" />
   <wx w="855" />
   <wx w="575" />
   <wx w="541" />
   <wx w="601" />
   <wx w="501" />
   <wx w="579" />
   <wx w="730" />
   <wx w="602" />
   <wx w="782" />
   <wx w="594" />
   <wx w="757" />
   <wx w="568" />
   <wx w="749" />
   <wx w="612" />
   <wx w="633" />
   <wx w="528" />
   <wx w="612" />
   <wx w="593" />
   <wx w="513" />
   <wx w="432" />
   <wx w="526" />
   <wx w="430" />
   <wx w="628" />
   <wx w="548" />
   <wx w="925" />
   <wx w="779" />
   <wx w="576" />
   <wx w="493" />
   <wx w="660" />
   <wx w="550" />
   <wx w="711" />
   <wx w="623" />
   <wx w="645" />
   <wx w="560" />
   <wx w="743" />
   <wx w="611" />
   <wx w="728" />
   <wx w="601" />
   <wx w="819" />
   <wx w="660" />
   <wx w="1036" />
   <wx w="864" />
   <wx w="790" />
   <wx w="613" />
   <wx w="624" />
   <wx w="469" />
   <wx w="569" />
   <wx w="467" />
   <wx w="602" />
   <wx w="506" />
   <wx w="602" />
   <wx w="506" />
   <wx w="657" />
   <wx w="529" />
   <wx w="850" />
   <wx w="665" />
   <wx w="654" />
   <wx w="548" />
   <wx w="642" />
   <wx w="537" />
   <wx w="643" />
   <wx w="575" />
   <wx w="839" />
   <wx w="674" />
   <wx w="839" />
   <wx w="674" />
   <wx w="273" />
   <wx w="909" />
   <wx w="767" />
   <wx w="635" />
   <wx w="548" />
   <wx w="728" />
   <wx w="613" />
   <wx w="709" />
   <wx w="590" />
   <wx w="726" />
   <wx w="601" />
   <wx w="642" />
   <wx w="537" />
   <wx w="903" />
   <wx w="755" />
   <wx w="273" />
   <wx w="667" />
   <wx w="526" />
   <wx w="667" />
   <wx w="526" />
   <wx w="939" />
   <wx w="863" />
   <wx w="575" />
   <wx w="563" />
   <wx w="709" />
   <wx w="563" />
   <wx w="709" />
   <wx w="563" />
   <wx w="909" />
   <wx w="767" />
   <wx w="576" />
   <wx w="493" />
   <wx w="571" />
   <wx w="475" />
   <wx w="732" />
   <wx w="601" />
   <wx w="732" />
   <wx w="601" />
   <wx w="782" />
   <wx w="594" />
   <wx w="782" />
   <wx w="594" />
   <wx w="782" />
   <wx w="594" />
   <wx w="624" />
   <wx w="502" />
   <wx w="591" />
   <wx w="501" />
   <wx w="591" />
   <wx w="501" />
   <wx w="591" />
   <wx w="501" />
   <wx w="635" />
   <wx w="537" />
   <wx w="513" />
   <wx w="422" />
   <wx w="860" />
   <wx w="762" />
   <wx w="1024" />
   <wx w="1024" />
   <wx w="444" />
   <wx w="675" />
   <wx w="367" />
   <wx w="847" />
   <wx w="909" />
   <wx w="779" />
   <wx w="1336" />
   <wx w="818" />
   <wx w="1270" />
   <wx w="1749" />
   <wx w="994" />
   <wx w="738" />
   <wx w="738" />
   <wx w="845" />
   <wx w="768" />
   <wx w="770" />
   <wx w="918" />
   <wx w="640" />
   <wx w="841" />
   <wx w="649" />
   <wx w="1120" />
   <wx w="773" />
   <wx w="801" />
   <wx w="802" />
   <wx w="814" />
   <wx w="1479" />
   <wx w="1011" />
   <wx w="930" />
   <wx w="675" />
   <wx w="841" />
   <wx w="841" />
   <wx w="952" />
   <wx w="818" />
   <wx w="807" />
   <wx w="807" />
   <wx w="807" />
   <wx w="758" />
   <wx w="716" />
   <wx w="722" />
   <wx w="807" />
   <wx w="807" />
   <wx w="1195" />
   <wx w="1542" />
   <wx w="675" />
   <wx w="945" />
   <wx w="743" />
   <wx w="702" />
   <wx w="721" />
   <wx w="626" />
   <wx w="751" />
   <wx w="738" />
   <wx w="1103" />
   <wx w="752" />
   <wx w="0" />
   <wx w="0" />
   <wx w="461" />
   <wx w="905" />
   <wx w="402" />
   <wx w="766" />
   <wx w="0" />
   <wx w="0" />
   <wx w="918" />
   <wx w="726" />
   <wx w="722" />
   <wx w="768" />
   <wx w="0" />
   <wx w="484" />
   <wx w="0" />
   <wx w="2184" />
   <wx w="1450" />
   <wx w="923" />
   <wx w="925" />
   <wx w="923" />
   <wx w="925" />
   <wx w="923" />
   <wx w="925" />
   <wx w="925" />
   <wx w="923" />
   <wx w="925" />
   <wx w="925" />
   <wx w="933" />
   <wx w="781" />
   <wx w="933" />
   <wx w="781" />
   <wx w="933" />
   <wx w="781" />
   <wx w="602" />
   <wx w="501" />
   <wx w="610" />
   <wx w="610" />
   <wx w="610" />
   <wx w="610" />
   <wx w="610" />
   <wx w="610" />
   <wx w="610" />
   <wx w="610" />
   <wx w="667" />
   <wx w="667" />
   <wx w="785" />
   <wx w="770" />
   <wx w="729" />
   <wx w="756" />
   <wx w="667" />
   <wx w="677" />
   <wx w="507" />
   <wx w="507" />
   <wx w="507" />
   <wx w="507" />
   <wx w="507" />
   <wx w="507" />
   <wx w="638" />
   <wx w="638" />
   <wx w="828" />
   <wx w="813" />
   <wx w="806" />
   <wx w="833" />
   <wx w="578" />
   <wx w="578" />
   <wx w="578" />
   <wx w="578" />
   <wx w="578" />
   <wx w="578" />
   <wx w="578" />
   <wx w="578" />
   <wx w="772" />
   <wx w="772" />
   <wx w="962" />
   <wx w="947" />
   <wx w="940" />
   <wx w="967" />
   <wx w="885" />
   <wx w="885" />
   <wx w="277" />
   <wx w="277" />
   <wx w="277" />
   <wx w="277" />
   <wx w="277" />
   <wx w="277" />
   <wx w="277" />
   <wx w="277" />
   <wx w="336" />
   <wx w="336" />
   <wx w="526" />
   <wx w="511" />
   <wx w="504" />
   <wx w="531" />
   <wx w="449" />
   <wx w="449" />
   <wx w="594" />
   <wx w="594" />
   <wx w="594" />
   <wx w="594" />
   <wx w="594" />
   <wx w="594" />
   <wx w="792" />
   <wx w="828" />
   <wx w="1018" />
   <wx w="1003" />
   <wx w="945" />
   <wx w="972" />
   <wx w="580" />
   <wx w="580" />
   <wx w="580" />
   <wx w="580" />
   <wx w="580" />
   <wx w="580" />
   <wx w="580" />
   <wx w="580" />
   <wx w="707" />
   <wx w="871" />
   <wx w="923" />
   <wx w="849" />
   <wx w="842" />
   <wx w="842" />
   <wx w="842" />
   <wx w="842" />
   <wx w="842" />
   <wx w="842" />
   <wx w="842" />
   <wx w="842" />
   <wx w="795" />
   <wx w="830" />
   <wx w="1020" />
   <wx w="1005" />
   <wx w="947" />
   <wx w="974" />
   <wx w="873" />
   <wx w="902" />
   <wx w="610" />
   <wx w="610" />
   <wx w="507" />
   <wx w="507" />
   <wx w="578" />
   <wx w="578" />
   <wx w="277" />
   <wx w="277" />
   <wx w="594" />
   <wx w="594" />
   <wx w="580" />
   <wx w="580" />
   <wx w="842" />
   <wx w="842" />
   <wx w="610" />
   <wx w="610" />
   <wx w="610" />
   <wx w="610" />
   <wx w="610" />
   <wx w="610" />
   <wx w="610" />
   <wx w="610" />
   <wx w="944" />
   <wx w="944" />
   <wx w="1062" />
   <wx w="1047" />
   <wx w="1006" />
   <wx w="1033" />
   <wx w="944" />
   <wx w="954" />
   <wx w="578" />
   <wx w="578" />
   <wx w="578" />
   <wx w="578" />
   <wx w="578" />
   <wx w="578" />
   <wx w="578" />
   <wx w="578" />
   <wx w="1049" />
   <wx w="1049" />
   <wx w="1239" />
   <wx w="1224" />
   <wx w="1217" />
   <wx w="1244" />
   <wx w="1162" />
   <wx w="1162" />
   <wx w="842" />
   <wx w="842" />
   <wx w="842" />
   <wx w="842" />
   <wx w="842" />
   <wx w="842" />
   <wx w="842" />
   <wx w="842" />
   <wx w="1072" />
   <wx w="1107" />
   <wx w="1297" />
   <wx w="1282" />
   <wx w="1224" />
   <wx w="1251" />
   <wx w="1150" />
   <wx w="1179" />
   <wx w="610" />
   <wx w="610" />
   <wx w="610" />
   <wx w="610" />
   <wx w="610" />
   <wx w="610" />
   <wx w="610" />
   <wx w="667" />
   <wx w="667" />
   <wx w="667" />
   <wx w="667" />
   <wx w="944" />
   <wx w="380" />
   <wx w="277" />
   <wx w="380" />
   <wx w="380" />
   <wx w="380" />
   <wx w="578" />
   <wx w="578" />
   <wx w="578" />
   <wx w="578" />
   <wx w="578" />
   <wx w="696" />
   <wx w="696" />
   <wx w="830" />
   <wx w="830" />
   <wx w="986" />
   <wx w="380" />
   <wx w="380" />
   <wx w="380" />
   <wx w="277" />
   <wx w="277" />
   <wx w="277" />
   <wx w="277" />
   <wx w="277" />
   <wx w="277" />
   <wx w="273" />
   <wx w="273" />
   <wx w="394" />
   <wx w="394" />
   <wx w="380" />
   <wx w="380" />
   <wx w="380" />
   <wx w="580" />
   <wx w="580" />
   <wx w="580" />
   <wx w="580" />
   <wx w="599" />
   <wx w="599" />
   <wx w="580" />
   <wx w="580" />
   <wx w="602" />
   <wx w="602" />
   <wx w="744" />
   <wx w="786" />
   <wx w="675" />
   <wx w="380" />
   <wx w="380" />
   <wx w="380" />
   <wx w="842" />
   <wx w="842" />
   <wx w="842" />
   <wx w="842" />
   <wx w="842" />
   <wx w="885" />
   <wx w="838" />
   <wx w="887" />
   <wx w="841" />
   <wx w="1065" />
   <wx w="380" />
   <wx w="380" />
   <wx w="0" />
   <wx w="0" />
   <wx w="500" />
   <wx w="1000" />
   <wx w="1000" />
   <wx w="239" />
   <wx w="239" />
   <wx w="239" />
   <wx w="421" />
   <wx w="421" />
   <wx w="421" />
   <wx w="480" />
   <wx w="480" />
   <wx w="364" />
   <wx w="1000" />
   <wx w="1231" />
   <wx w="295" />
   <wx w="295" />
   <wx w="152" />
   <wx w="363" />
   <wx w="363" />
   <wx w="363" />
   <wx w="363" />
   <wx w="363" />
   <wx w="363" />
   <wx w="363" />
   <wx w="363" />
   <wx w="363" />
   <wx w="363" />
   <wx w="363" />
   <wx w="363" />
   <wx w="363" />
   <wx w="363" />
   <wx w="363" />
   <wx w="363" />
   <wx w="363" />
   <wx w="568" />
   <wx w="568" />
   <wx w="568" />
   <wx w="568" />
   <wx w="454" />
   <wx w="1134" />
   <wx w="763" />
   <wx w="788" />
   <wx w="936" />
   <wx w="878" />
   <wx w="878" />
   <wx w="878" />
   <wx w="878" />
   <wx w="878" />
   <wx w="878" />
   <wx w="878" />
   <wx w="878" />
   <wx w="878" />
   <wx w="878" />
   <wx w="878" />
   <wx w="878" />
   <wx w="589" />
   <wx w="655" />
   <wx w="701" />
   <wx w="519" />
   <wx w="568" />
   <wx w="152" />
   <wx w="250" />
   <wx w="568" />
   <wx w="592" />
   <wx w="373" />
   <wx w="568" />
   <wx w="568" />
   <wx w="568" />
   <wx w="568" />
   <wx w="556" />
   <wx w="1088" />
   <wx w="455" />
   <wx w="1339" />
   <wx w="977" />
   <wx w="647" />
   <wx w="667" />
   <wx w="878" />
   <wx w="878" />
   <wx w="878" />
   <wx w="878" />
   <wx w="878" />
   <wx w="878" />
   <wx w="878" />
   <wx w="878" />
   <wx w="878" />
   <wx w="878" />
   <wx w="878" />
   <wx w="878" />
   <wx w="568" />
   <wx w="377" />
   <wx w="499" />
   <wx w="508" />
   <wx w="537" />
   <wx w="500" />
   <wx w="550" />
   <wx w="475" />
   <wx w="554" />
   <wx w="550" />
   <wx w="363" />
   <wx w="363" />
   <wx w="363" />
   <wx w="363" />
   <wx w="363" />
   <wx w="363" />
   <wx w="363" />
   <wx w="363" />
   <wx w="363" />
   <wx w="363" />
   <wx w="363" />
   <wx w="363" />
   <wx w="363" />
   <wx w="363" />
   <wx w="363" />
   <wx w="363" />
   <wx w="363" />
   <wx w="363" />
   <wx w="363" />
   <wx w="363" />
   <wx w="780" />
   <wx w="647" />
   <wx w="667" />
   <wx w="1037" />
   <wx w="1057" />
   <wx w="257" />
   <wx w="748" />
   <wx w="844" />
   <wx w="380" />
   <wx w="253" />
   <wx w="253" />
   <wx w="380" />
   <wx w="328" />
   <wx w="328" />
   <wx w="303" />
   <wx w="388" />
   <wx w="954" />
   <wx w="333" />
   <wx w="388" />
   <wx w="333" />
   <wx w="337" />
   <wx w="337" />
   <wx w="295" />
   <wx w="364" />
   <wx w="500" />
   <wx w="1000" />
   <wx w="295" />
   <wx w="280" />
   <wx w="503" />
   <wx w="503" />
   <wx w="408" />
   <wx w="380" />
   <wx w="380" />
   <wx w="380" />
   <wx w="380" />
   <wx w="380" />
   <wx w="380" />
   <wx w="380" />
   <wx w="380" />
   <wx w="380" />
   <wx w="380" />
   <wx w="380" />
   <wx w="380" />
   <wx w="380" />
   <wx w="380" />
   <wx w="592" />
   <wx w="568" />
   <wx w="568" />
   <wx w="380" />
   <wx w="380" />
   <wx w="667" />
   <wx w="667" />
   <wx w="785" />
   <wx w="770" />
   <wx w="729" />
   <wx w="756" />
   <wx w="667" />
   <wx w="677" />
   <wx w="772" />
   <wx w="772" />
   <wx w="962" />
   <wx w="947" />
   <wx w="940" />
   <wx w="967" />
   <wx w="885" />
   <wx w="885" />
   <wx w="795" />
   <wx w="830" />
   <wx w="1020" />
   <wx w="1005" />
   <wx w="947" />
   <wx w="974" />
   <wx w="873" />
   <wx w="902" />
   <wx w="667" />
   <wx w="709" />
   <wx w="788" />
   <wx w="800" />
   <wx w="800" />
   <wx w="800" />
   <wx w="800" />
   <wx w="800" />
   <wx w="800" />
   <wx w="800" />
   <wx w="800" />
   <wx w="800" />
   <wx w="800" />
   <wx w="800" />
   <wx w="800" />
   <wx w="800" />
   <wx w="1001" />
   <wx w="1087" />
   <wx w="951" />
   <wx w="1474" />
   <wx w="1049" />
   <wx w="1051" />
   <wx w="1067" />
   <wx w="1050" />
   <wx w="1850" />
   <wx w="1282" />
   <wx w="1154" />
   <wx w="999" />
   <wx w="1070" />
   <wx w="1070" />
   <wx w="1148" />
   <wx w="1064" />
   <wx w="1070" />
   <wx w="1070" />
   <wx w="1070" />
   <wx w="1061" />
   <wx w="1021" />
   <wx w="1007" />
   <wx w="1049" />
   <wx w="1050" />
   <wx w="1476" />
   <wx w="1788" />
   <wx w="932" />
   <wx w="1141" />
   <wx w="1059" />
   <wx w="1010" />
   <wx w="1002" />
   <wx w="940" />
   <wx w="1027" />
   <wx w="1013" />
   <wx w="993" />
   <wx w="924" />
   <wx w="531" />
   <wx w="828" />
   <wx w="592" />
   <wx w="1056" />
   <wx w="703" />
   <wx w="715" />
   <wx w="715" />
   <wx w="752" />
   <wx w="1451" />
   <wx w="921" />
   <wx w="835" />
   <wx w="612" />
   <wx w="758" />
   <wx w="758" />
   <wx w="857" />
   <wx w="759" />
   <wx w="731" />
   <wx w="731" />
   <wx w="731" />
   <wx w="682" />
   <wx w="637" />
   <wx w="644" />
   <wx w="791" />
   <wx w="791" />
   <wx w="1074" />
   <wx w="1448" />
   <wx w="613" />
   <wx w="851" />
   <wx w="689" />
   <wx w="661" />
   <wx w="660" />
   <wx w="566" />
   <wx w="689" />
   <wx w="662" />
   <wx w="992" />
   <wx w="588" />
   <wx w="531" />
   <wx w="824" />
   <wx w="590" />
   <wx w="1074" />
   <wx w="703" />
   <wx w="715" />
   <wx w="715" />
   <wx w="750" />
   <wx w="1451" />
   <wx w="920" />
   <wx w="835" />
   <wx w="611" />
   <wx w="758" />
   <wx w="758" />
   <wx w="857" />
   <wx w="759" />
   <wx w="731" />
   <wx w="731" />
   <wx w="731" />
   <wx w="682" />
   <wx w="648" />
   <wx w="654" />
   <wx w="791" />
   <wx w="789" />
   <wx w="1082" />
   <wx w="1857" />
   <wx w="613" />
   <wx w="852" />
   <wx w="689" />
   <wx w="663" />
   <wx w="658" />
   <wx w="544" />
   <wx w="691" />
   <wx w="666" />
   <wx w="992" />
   <wx w="588" />
   <wx w="531" />
   <wx w="793" />
   <wx w="584" />
   <wx w="1056" />
   <wx w="698" />
   <wx w="718" />
   <wx w="718" />
   <wx w="727" />
   <wx w="1440" />
   <wx w="936" />
   <wx w="835" />
   <wx w="607" />
   <wx w="758" />
   <wx w="758" />
   <wx w="857" />
   <wx w="737" />
   <wx w="725" />
   <wx w="723" />
   <wx w="726" />
   <wx w="681" />
   <wx w="633" />
   <wx w="636" />
   <wx w="756" />
   <wx w="727" />
   <wx w="1074" />
   <wx w="1394" />
   <wx w="607" />
   <wx w="852" />
   <wx w="754" />
   <wx w="633" />
   <wx w="647" />
   <wx w="562" />
   <wx w="684" />
   <wx w="655" />
   <wx w="986" />
   <wx w="588" />
   <wx w="531" />
   <wx w="793" />
   <wx w="584" />
   <wx w="1063" />
   <wx w="703" />
   <wx w="718" />
   <wx w="718" />
   <wx w="729" />
   <wx w="1448" />
   <wx w="937" />
   <wx w="835" />
   <wx w="607" />
   <wx w="758" />
   <wx w="758" />
   <wx w="857" />
   <wx w="737" />
   <wx w="726" />
   <wx w="723" />
   <wx w="726" />
   <wx w="681" />
   <wx w="632" />
   <wx w="636" />
   <wx w="756" />
   <wx w="727" />
   <wx w="1075" />
   <wx w="1394" />
   <wx w="607" />
   <wx w="852" />
   <wx w="749" />
   <wx w="631" />
   <wx w="647" />
   <wx w="563" />
   <wx w="684" />
   <wx w="655" />
   <wx w="990" />
   <wx w="588" />
   <wx w="828" />
   <wx w="1071" />
   <wx w="902" />
   <wx w="1493" />
   <wx w="1041" />
   <wx w="969" />
   <wx w="984" />
   <wx w="1044" />
   <wx w="1861" />
   <wx w="1206" />
   <wx w="1119" />
   <wx w="922" />
   <wx w="1007" />
   <wx w="954" />
   <wx w="1140" />
   <wx w="1020" />
   <wx w="954" />
   <wx w="954" />
   <wx w="954" />
   <wx w="943" />
   <wx w="1017" />
   <wx w="1017" />
   <wx w="1041" />
   <wx w="997" />
   <wx w="1504" />
   <wx w="1807" />
   <wx w="891" />
   <wx w="1202" />
   <wx w="1029" />
   <wx w="910" />
   <wx w="938" />
   <wx w="850" />
   <wx w="1023" />
   <wx w="1016" />
   <wx w="1427" />
   <wx w="845" />
   <wx w="828" />
   <wx w="1064" />
   <wx w="902" />
   <wx w="1474" />
   <wx w="1041" />
   <wx w="967" />
   <wx w="984" />
   <wx w="1043" />
   <wx w="1857" />
   <wx w="1198" />
   <wx w="1119" />
   <wx w="922" />
   <wx w="1007" />
   <wx w="954" />
   <wx w="1140" />
   <wx w="1020" />
   <wx w="954" />
   <wx w="954" />
   <wx w="952" />
   <wx w="943" />
   <wx w="1021" />
   <wx w="1015" />
   <wx w="1041" />
   <wx w="997" />
   <wx w="1478" />
   <wx w="1788" />
   <wx w="891" />
   <wx w="1195" />
   <wx w="1029" />
   <wx w="910" />
   <wx w="938" />
   <wx w="850" />
   <wx w="1027" />
   <wx w="1016" />
   <wx w="1457" />
   <wx w="845" />
   <wx w="869" />
   <wx w="1082" />
   <wx w="890" />
   <wx w="1430" />
   <wx w="1143" />
   <wx w="1018" />
   <wx w="1056" />
   <wx w="1046" />
   <wx w="1812" />
   <wx w="1377" />
   <wx w="1152" />
   <wx w="955" />
   <wx w="1044" />
   <wx w="1026" />
   <wx w="1205" />
   <wx w="1038" />
   <wx w="996" />
   <wx w="988" />
   <wx w="980" />
   <wx w="947" />
   <wx w="990" />
   <wx w="1006" />
   <wx w="1021" />
   <wx w="1007" />
   <wx w="1432" />
   <wx w="1750" />
   <wx w="914" />
   <wx w="1137" />
   <wx w="1032" />
   <wx w="921" />
   <wx w="973" />
   <wx w="852" />
   <wx w="1008" />
   <wx w="997" />
   <wx w="1376" />
   <wx w="902" />
   <wx w="537" />
   <wx w="806" />
   <wx w="589" />
   <wx w="1065" />
   <wx w="711" />
   <wx w="722" />
   <wx w="724" />
   <wx w="742" />
   <wx w="1330" />
   <wx w="932" />
   <wx w="845" />
   <wx w="611" />
   <wx w="758" />
   <wx w="758" />
   <wx w="863" />
   <wx w="744" />
   <wx w="726" />
   <wx w="725" />
   <wx w="726" />
   <wx w="688" />
   <wx w="641" />
   <wx w="645" />
   <wx w="770" />
   <wx w="742" />
   <wx w="1066" />
   <wx w="1394" />
   <wx w="610" />
   <wx w="863" />
   <wx w="767" />
   <wx w="644" />
   <wx w="655" />
   <wx w="576" />
   <wx w="689" />
   <wx w="661" />
   <wx w="992" />
   <wx w="588" />
   <wx w="958" />
   <wx w="1310" />
   <wx w="921" />
   <wx w="1345" />
   <wx w="921" />
   <wx w="1345" />
   <wx w="923" />
   <wx w="1346" />
   <wx w="562" />
   <wx w="0" />
   <wx w="0" />
   <wx w="0" />
   <wx w="0" />
   <wx w="442" />
   <wx w="430" />
   <wx w="0" />
   <wx w="0" />
   <wx w="0" />
   <wx w="0" />
   <wx w="0" />
   <wx w="0" />
   <wx w="0" />
   <wx w="0" />
   <wx w="0" />
   <wx w="0" />
   <wx w="0" />
   <wx w="0" />
   <wx w="257" />
   <wx w="323" />
   <wx w="326" />
   <wx w="408" />
   <wx w="409" />
   <wx w="266" />
   <wx w="328" />
   <wx w="0" />
   <wx w="0" />
   <wx w="0" />
   <wx w="306" />
   <wx w="379" />
   <wx w="267" />
   <wx w="0" />
   <wx w="357" />
   <wx w="0" />
   <wx w="0" />
   <wx w="0" />
   <wx w="413" />
   <wx w="0" />
   <wx w="0" />
   <wx w="588" />
   <wx w="790" />
   <wx w="806" />
   <wx w="806" />
   <wx w="806" />
   <wx w="802" />
   <wx w="793" />
   <wx w="1091" />
   <wx w="1091" />
   <wx w="1091" />
   <wx w="693" />
   <wx w="988" />
   <wx w="1211" />
   <wx w="1211" />
   <wx w="1318" />
   <wx w="1336" />
   <wx w="1655" />
   <wx w="1655" />
   <wx w="1758" />
   <wx w="0" />
   <wx w="0" />
   <wx w="0" />
   <wx w="552" />
   <wx w="518" />
   <wx w="476" />
   <wx w="828" />
   <wx w="563" />
   <wx w="592" />
   <wx w="592" />
   <wx w="563" />
   <wx w="946" />
   <wx w="630" />
   <wx w="610" />
   <wx w="445" />
   <wx w="634" />
   <wx w="634" />
   <wx w="563" />
   <wx w="660" />
   <wx w="621" />
   <wx w="621" />
   <wx w="621" />
   <wx w="618" />
   <wx w="577" />
   <wx w="577" />
   <wx w="577" />
   <wx w="583" />
   <wx w="537" />
   <wx w="459" />
   <wx w="737" />
   <wx w="630" />
   <wx w="544" />
   <wx w="588" />
   <wx w="592" />
   <wx w="489" />
   <wx w="725" />
   <wx w="577" />
   <wx w="916" />
   <wx w="636" />
   <wx w="588" />
   <wx w="971" />
   <wx w="1365" />
   <wx w="580" />
   <wx w="0" />
   <wx w="0" />
   <wx w="0" />
  </cid-widths>
 </multibyte-extras>
</font-metrics>