<?xml version="1.0" encoding="UTF-8"?>
<font-metrics metrics-version="2" type="TYPE0">
 <font-name>NafeesWebUID</font-name>
 <full-name>NafeesWebUID</full-name>
 <family-name>NafeesWebUID</family-name>
 <embed />
 <cap-height>715</cap-height>
 <x-height>518</x-height>
 <ascender>622</ascender>
 <descender>-212</descender>
 <bbox>
  <left>-1056</left>
  <bottom>-491</bottom>
  <right>3247</right>
  <top>848</top>
 </bbox>
 <flags>33</flags>
 <stemv>0</stemv>
 <italicangle>0</italicangle>
 <subtype>TYPE0</subtype>
 <multibyte-extras>
  <cid-type>CIDFontType2</cid-type>
  <default-width>0</default-width>
  <bfranges>
   <bf gi="3" ue="126" us="32" />
   <bf gi="98" ue="160" us="160" />
   <bf gi="99" ue="164" us="164" />
   <bf gi="100" ue="167" us="167" />
   <bf gi="101" ue="172" us="172" />
   <bf gi="102" ue="176" us="176" />
   <bf gi="103" ue="183" us="182" />
   <bf gi="105" ue="1539" us="1536" />
   <bf gi="109" ue="1549" us="1548" />
   <bf gi="107" ue="1550" us="1550" />
   <bf gi="111" ue="1557" us="1551" />
   <bf gi="118" ue="1563" us="1563" />
   <bf gi="119" ue="1567" us="1567" />
   <bf gi="120" ue="1576" us="1569" />
   <bf gi="128" ue="1594" us="1578" />
   <bf gi="145" ue="1606" us="1600" />
   <bf gi="152" ue="1608" us="1608" />
   <bf gi="153" ue="1624" us="1610" />
   <bf gi="168" ue="1644" us="1642" />
   <bf gi="13" ue="1645" us="1645" />
   <bf gi="171" ue="1648" us="1648" />
   <bf gi="172" ue="1657" us="1657" />
   <bf gi="173" ue="1662" us="1662" />
   <bf gi="174" ue="1670" us="1670" />
   <bf gi="175" ue="1672" us="1672" />
   <bf gi="176" ue="1681" us="1681" />
   <bf gi="177" ue="1688" us="1688" />
   <bf gi="148" ue="1705" us="1705" />
   <bf gi="178" ue="1711" us="1711" />
   <bf gi="179" ue="1722" us="1722" />
   <bf gi="180" ue="1726" us="1726" />
   <bf gi="181" ue="1731" us="1729" />
   <bf gi="184" ue="1740" us="1740" />
   <bf gi="185" ue="1747" us="1746" />
   <bf gi="145" ue="1748" us="1748" />
   <bf gi="112" ue="1750" us="1750" />
   <bf gi="187" ue="1761" us="1761" />
   <bf gi="188" ue="1785" us="1776" />
   <bf gi="198" ue="8207" us="8204" />
   <bf gi="202" ue="8216" us="8216" />
   <bf gi="202" ue="8217" us="8217" />
   <bf gi="203" ue="8221" us="8220" />
   <bf gi="205" ue="8226" us="8226" />
   <bf gi="206" ue="8364" us="8364" />
   <bf gi="207" ue="8729" us="8729" />
   <bf gi="208" ue="9676" us="9676" />
   <bf gi="209" ue="65010" us="65010" />
   <bf gi="210" ue="65012" us="65012" />
   <bf gi="211" ue="65018" us="65018" />
   <bf gi="212" ue="65275" us="65275" />
   <bf gi="0" ue="65535" us="65535" />
  </bfranges>
  <cid-widths start-index="0">
   <wx w="125" />
   <wx w="0" />
   <wx w="125" />
   <wx w="195" />
   <wx w="209" />
   <wx w="264" />
   <wx w="694" />
   <wx w="434" />
   <wx w="613" />
   <wx w="441" />
   <wx w="172" />
   <wx w="293" />
   <wx w="293" />
   <wx w="378" />
   <wx w="538" />
   <wx w="205" />
   <wx w="306" />
   <wx w="154" />
   <wx w="420" />
   <wx w="497" />
   <wx w="333" />
   <wx w="498" />
   <wx w="492" />
   <wx w="490" />
   <wx w="495" />
   <wx w="500" />
   <wx w="463" />
   <wx w="498" />
   <wx w="498" />
   <wx w="203" />
   <wx w="211" />
   <wx w="388" />
   <wx w="447" />
   <wx w="388" />
   <wx w="344" />
   <wx w="1015" />
   <wx w="666" />
   <wx w="666" />
   <wx w="722" />
   <wx w="722" />
   <wx w="666" />
   <wx w="610" />
   <wx w="777" />
   <wx w="722" />
   <wx w="277" />
   <wx w="500" />
   <wx w="666" />
   <wx w="556" />
   <wx w="833" />
   <wx w="722" />
   <wx w="777" />
   <wx w="666" />
   <wx w="777" />
   <wx w="722" />
   <wx w="666" />
   <wx w="610" />
   <wx w="722" />
   <wx w="666" />
   <wx w="943" />
   <wx w="666" />
   <wx w="666" />
   <wx w="610" />
   <wx w="277" />
   <wx w="277" />
   <wx w="277" />
   <wx w="469" />
   <wx w="556" />
   <wx w="333" />
   <wx w="556" />
   <wx w="556" />
   <wx w="500" />
   <wx w="556" />
   <wx w="556" />
   <wx w="277" />
   <wx w="556" />
   <wx w="556" />
   <wx w="222" />
   <wx w="222" />
   <wx w="500" />
   <wx w="222" />
   <wx w="833" />
   <wx w="556" />
   <wx w="556" />
   <wx w="556" />
   <wx w="556" />
   <wx w="333" />
   <wx w="500" />
   <wx w="277" />
   <wx w="556" />
   <wx w="500" />
   <wx w="722" />
   <wx w="500" />
   <wx w="500" />
   <wx w="500" />
   <wx w="333" />
   <wx w="259" />
   <wx w="333" />
   <wx w="583" />
   <wx w="125" />
   <wx w="562" />
   <wx w="503" />
   <wx w="707" />
   <wx w="516" />
   <wx w="503" />
   <wx w="333" />
   <wx w="553" />
   <wx w="1208" />
   <wx w="480" />
   <wx w="655" />
   <wx w="196" />
   <wx w="105" />
   <wx w="383" />
   <wx w="0" />
   <wx w="0" />
   <wx w="0" />
   <wx w="0" />
   <wx w="0" />
   <wx w="0" />
   <wx w="210" />
   <wx w="333" />
   <wx w="372" />
   <wx w="261" />
   <wx w="176" />
   <wx w="293" />
   <wx w="176" />
   <wx w="631" />
   <wx w="176" />
   <wx w="781" />
   <wx w="781" />
   <wx w="781" />
   <wx w="515" />
   <wx w="515" />
   <wx w="515" />
   <wx w="386" />
   <wx w="386" />
   <wx w="243" />
   <wx w="243" />
   <wx w="904" />
   <wx w="904" />
   <wx w="1045" />
   <wx w="1045" />
   <wx w="754" />
   <wx w="754" />
   <wx w="528" />
   <wx w="528" />
   <wx w="282" />
   <wx w="794" />
   <wx w="583" />
   <wx w="818" />
   <wx w="537" />
   <wx w="382" />
   <wx w="541" />
   <wx w="293" />
   <wx w="631" />
   <wx w="0" />
   <wx w="0" />
   <wx w="0" />
   <wx w="0" />
   <wx w="0" />
   <wx w="0" />
   <wx w="0" />
   <wx w="0" />
   <wx w="0" />
   <wx w="0" />
   <wx w="0" />
   <wx w="0" />
   <wx w="0" />
   <wx w="0" />
   <wx w="429" />
   <wx w="130" />
   <wx w="130" />
   <wx w="0" />
   <wx w="781" />
   <wx w="781" />
   <wx w="547" />
   <wx w="386" />
   <wx w="267" />
   <wx w="267" />
   <wx w="824" />
   <wx w="541" />
   <wx w="496" />
   <wx w="337" />
   <wx w="337" />
   <wx w="337" />
   <wx w="631" />
   <wx w="1075" />
   <wx w="1075" />
   <wx w="0" />
   <wx w="237" />
   <wx w="192" />
   <wx w="354" />
   <wx w="529" />
   <wx w="484" />
   <wx w="494" />
   <wx w="356" />
   <wx w="428" />
   <wx w="476" />
   <wx w="340" />
   <wx w="0" />
   <wx w="0" />
   <wx w="0" />
   <wx w="0" />
   <wx w="172" />
   <wx w="264" />
   <wx w="264" />
   <wx w="516" />
   <wx w="495" />
   <wx w="333" />
   <wx w="707" />
   <wx w="742" />
   <wx w="1216" />
   <wx w="972" />
   <wx w="514" />
   <wx w="179" />
   <wx w="218" />
   <wx w="179" />
   <wx w="179" />
   <wx w="179" />
   <wx w="487" />
   <wx w="486" />
   <wx w="487" />
   <wx w="487" />
   <wx w="509" />
   <wx w="509" />
   <wx w="750" />
   <wx w="750" />
   <wx w="507" />
   <wx w="507" />
   <wx w="517" />
   <wx w="517" />
   <wx w="278" />
   <wx w="277" />
   <wx w="384" />
   <wx w="419" />
   <wx w="178" />
   <wx w="400" />
   <wx w="179" />
   <wx w="179" />
   <wx w="442" />
   <wx w="435" />
   <wx w="179" />
   <wx w="179" />
   <wx w="328" />
   <wx w="328" />
   <wx w="328" />
   <wx w="328" />
   <wx w="328" />
   <wx w="475" />
   <wx w="475" />
   <wx w="475" />
   <wx w="475" />
   <wx w="620" />
   <wx w="620" />
   <wx w="768" />
   <wx w="768" />
   <wx w="552" />
   <wx w="552" />
   <wx w="387" />
   <wx w="387" />
   <wx w="361" />
   <wx w="361" />
   <wx w="483" />
   <wx w="483" />
   <wx w="340" />
   <wx w="536" />
   <wx w="328" />
   <wx w="383" />
   <wx w="430" />
   <wx w="328" />
   <wx w="328" />
   <wx w="267" />
   <wx w="267" />
   <wx w="848" />
   <wx w="848" />
   <wx w="848" />
   <wx w="848" />
   <wx w="848" />
   <wx w="526" />
   <wx w="526" />
   <wx w="526" />
   <wx w="526" />
   <wx w="495" />
   <wx w="495" />
   <wx w="495" />
   <wx w="289" />
   <wx w="313" />
   <wx w="289" />
   <wx w="313" />
   <wx w="1016" />
   <wx w="1016" />
   <wx w="1057" />
   <wx w="1057" />
   <wx w="757" />
   <wx w="757" />
   <wx w="432" />
   <wx w="432" />
   <wx w="888" />
   <wx w="575" />
   <wx w="1020" />
   <wx w="1020" />
   <wx w="647" />
   <wx w="434" />
   <wx w="556" />
   <wx w="556" />
   <wx w="305" />
   <wx w="305" />
   <wx w="459" />
   <wx w="459" />
   <wx w="745" />
   <wx w="583" />
   <wx w="583" />
   <wx w="583" />
   <wx w="677" />
   <wx w="677" />
   <wx w="634" />
   <wx w="261" />
   <wx w="196" />
   <wx w="388" />
   <wx w="354" />
   <wx w="124" />
   <wx w="0" />
   <wx w="1159" />
   <wx w="1006" />
   <wx w="571" />
   <wx w="3271" />
   <wx w="459" />
   <wx w="514" />
   <wx w="634" />
  </cid-widths>
 </multibyte-extras>
</font-metrics>