<?xml version="1.0" encoding="UTF-8"?>
<font-metrics metrics-version="2" type="TYPE0">
 <font-name>lohit_bn_uid</font-name>
 <full-name>Lohit Bengali UID</full-name>
 <family-name>Lohit Bengali UID</family-name>
 <embed />
 <cap-height>693</cap-height>
 <x-height>520</x-height>
 <ascender>776</ascender>
 <descender>-185</descender>
 <bbox>
  <left>-485</left>
  <bottom>-357</bottom>
  <right>1307</right>
  <top>962</top>
 </bbox>
 <flags>33</flags>
 <stemv>0</stemv>
 <italicangle>0</italicangle>
 <subtype>TYPE0</subtype>
 <multibyte-extras>
  <cid-type>CIDFontType2</cid-type>
  <default-width>0</default-width>
  <bfranges>
   <bf gi="1" ue="0" us="0" />
   <bf gi="1" ue="9" us="8" />
   <bf gi="2" ue="13" us="13" />
   <bf gi="1" ue="29" us="29" />
   <bf gi="3" ue="126" us="32" />
   <bf gi="98" ue="591" us="160" />
   <bf gi="530" ue="658" us="658" />
   <bf gi="531" ue="700" us="700" />
   <bf gi="532" ue="711" us="710" />
   <bf gi="534" ue="713" us="713" />
   <bf gi="535" ue="733" us="728" />
   <bf gi="541" ue="785" us="785" />
   <bf gi="542" ue="902" us="900" />
   <bf gi="545" ue="906" us="904" />
   <bf gi="548" ue="908" us="908" />
   <bf gi="549" ue="929" us="910" />
   <bf gi="569" ue="974" us="931" />
   <bf gi="613" ue="1119" us="1024" />
   <bf gi="709" ue="1123" us="1122" />
   <bf gi="711" ue="1141" us="1138" />
   <bf gi="715" ue="1273" us="1162" />
   <bf gi="827" ue="2405" us="2404" />
   <bf gi="829" ue="2435" us="2433" />
   <bf gi="832" ue="2444" us="2437" />
   <bf gi="840" ue="2448" us="2447" />
   <bf gi="842" ue="2472" us="2451" />
   <bf gi="864" ue="2480" us="2474" />
   <bf gi="871" ue="2482" us="2482" />
   <bf gi="872" ue="2489" us="2486" />
   <bf gi="876" ue="2500" us="2492" />
   <bf gi="885" ue="2504" us="2503" />
   <bf gi="887" ue="2510" us="2507" />
   <bf gi="891" ue="2519" us="2519" />
   <bf gi="892" ue="2525" us="2524" />
   <bf gi="894" ue="2531" us="2527" />
   <bf gi="899" ue="2554" us="2534" />
   <bf gi="920" ue="7813" us="7808" />
   <bf gi="926" ue="7923" us="7922" />
   <bf gi="928" ue="7957" us="7936" />
   <bf gi="950" ue="7965" us="7960" />
   <bf gi="956" ue="8005" us="7968" />
   <bf gi="994" ue="8013" us="8008" />
   <bf gi="1000" ue="8023" us="8016" />
   <bf gi="1008" ue="8025" us="8025" />
   <bf gi="1009" ue="8027" us="8027" />
   <bf gi="1010" ue="8029" us="8029" />
   <bf gi="1011" ue="8061" us="8031" />
   <bf gi="1042" ue="8116" us="8064" />
   <bf gi="1095" ue="8132" us="8118" />
   <bf gi="1110" ue="8147" us="8134" />
   <bf gi="1124" ue="8155" us="8150" />
   <bf gi="1130" ue="8175" us="8157" />
   <bf gi="1149" ue="8180" us="8178" />
   <bf gi="1152" ue="8190" us="8182" />
   <bf gi="1161" ue="8205" us="8204" />
   <bf gi="1163" ue="8213" us="8211" />
   <bf gi="1166" ue="8218" us="8216" />
   <bf gi="1169" ue="8222" us="8220" />
   <bf gi="1172" ue="8226" us="8224" />
   <bf gi="1175" ue="8230" us="8230" />
   <bf gi="1176" ue="8240" us="8240" />
   <bf gi="1177" ue="8250" us="8249" />
   <bf gi="1179" ue="8260" us="8260" />
   <bf gi="1180" ue="8304" us="8304" />
   <bf gi="1181" ue="8313" us="8308" />
   <bf gi="1187" ue="8329" us="8320" />
   <bf gi="1197" ue="8364" us="8364" />
   <bf gi="1198" ue="8366" us="8366" />
   <bf gi="1199" ue="8372" us="8372" />
   <bf gi="1200" ue="8377" us="8377" />
   <bf gi="1201" ue="8467" us="8467" />
   <bf gi="1202" ue="8470" us="8470" />
   <bf gi="1203" ue="8482" us="8482" />
   <bf gi="1204" ue="8486" us="8486" />
   <bf gi="1205" ue="8494" us="8494" />
   <bf gi="1206" ue="8542" us="8531" />
   <bf gi="1218" ue="8706" us="8706" />
   <bf gi="1219" ue="8710" us="8710" />
   <bf gi="1220" ue="8719" us="8719" />
   <bf gi="1221" ue="8722" us="8721" />
   <bf gi="1223" ue="8725" us="8725" />
   <bf gi="1224" ue="8730" us="8729" />
   <bf gi="1226" ue="8734" us="8734" />
   <bf gi="1227" ue="8747" us="8747" />
   <bf gi="1228" ue="8776" us="8776" />
   <bf gi="1229" ue="8800" us="8800" />
   <bf gi="1230" ue="8805" us="8804" />
   <bf gi="1232" ue="9674" us="9674" />
   <bf gi="1233" ue="9676" us="9676" />
   <bf gi="1234" ue="57599" us="57599" />
   <bf gi="1235" ue="61437" us="61437" />
   <bf gi="1236" ue="61442" us="61440" />
   <bf gi="1239" ue="62737" us="62726" />
   <bf gi="1251" ue="63517" us="63488" />
   <bf gi="1281" ue="64260" us="64256" />
   <bf gi="0" ue="65535" us="65535" />
  </bfranges>
  <cid-widths start-index="0">
   <wx w="500" />
   <wx w="0" />
   <wx w="235" />
   <wx w="235" />
   <wx w="280" />
   <wx w="422" />
   <wx w="671" />
   <wx w="568" />
   <wx w="862" />
   <wx w="670" />
   <wx w="245" />
   <wx w="328" />
   <wx w="328" />
   <wx w="484" />
   <wx w="568" />
   <wx w="250" />
   <wx w="303" />
   <wx w="250" />
   <wx w="388" />
   <wx w="568" />
   <wx w="568" />
   <wx w="568" />
   <wx w="568" />
   <wx w="568" />
   <wx w="568" />
   <wx w="568" />
   <wx w="568" />
   <wx w="568" />
   <wx w="568" />
   <wx w="250" />
   <wx w="250" />
   <wx w="568" />
   <wx w="568" />
   <wx w="568" />
   <wx w="408" />
   <wx w="954" />
   <wx w="667" />
   <wx w="647" />
   <wx w="624" />
   <wx w="717" />
   <wx w="575" />
   <wx w="541" />
   <wx w="676" />
   <wx w="709" />
   <wx w="273" />
   <wx w="504" />
   <wx w="633" />
   <wx w="523" />
   <wx w="875" />
   <wx w="732" />
   <wx w="782" />
   <wx w="612" />
   <wx w="782" />
   <wx w="633" />
   <wx w="536" />
   <wx w="569" />
   <wx w="692" />
   <wx w="660" />
   <wx w="933" />
   <wx w="635" />
   <wx w="602" />
   <wx w="577" />
   <wx w="333" />
   <wx w="388" />
   <wx w="333" />
   <wx w="568" />
   <wx w="496" />
   <wx w="380" />
   <wx w="526" />
   <wx w="593" />
   <wx w="469" />
   <wx w="593" />
   <wx w="563" />
   <wx w="390" />
   <wx w="582" />
   <wx w="575" />
   <wx w="257" />
   <wx w="257" />
   <wx w="526" />
   <wx w="277" />
   <wx w="865" />
   <wx w="578" />
   <wx w="594" />
   <wx w="593" />
   <wx w="593" />
   <wx w="390" />
   <wx w="450" />
   <wx w="406" />
   <wx w="578" />
   <wx w="506" />
   <wx w="781" />
   <wx w="515" />
   <wx w="501" />
   <wx w="475" />
   <wx w="337" />
   <wx w="283" />
   <wx w="337" />
   <wx w="568" />
   <wx w="235" />
   <wx w="280" />
   <wx w="568" />
   <wx w="568" />
   <wx w="568" />
   <wx w="568" />
   <wx w="283" />
   <wx w="496" />
   <wx w="380" />
   <wx w="818" />
   <wx w="393" />
   <wx w="503" />
   <wx w="568" />
   <wx w="303" />
   <wx w="818" />
   <wx w="380" />
   <wx w="336" />
   <wx w="568" />
   <wx w="363" />
   <wx w="363" />
   <wx w="380" />
   <wx w="584" />
   <wx w="650" />
   <wx w="250" />
   <wx w="380" />
   <wx w="363" />
   <wx w="450" />
   <wx w="503" />
   <wx w="878" />
   <wx w="878" />
   <wx w="878" />
   <wx w="408" />
   <wx w="667" />
   <wx w="667" />
   <wx w="667" />
   <wx w="667" />
   <wx w="667" />
   <wx w="667" />
   <wx w="939" />
   <wx w="624" />
   <wx w="575" />
   <wx w="575" />
   <wx w="575" />
   <wx w="575" />
   <wx w="273" />
   <wx w="273" />
   <wx w="273" />
   <wx w="273" />
   <wx w="730" />
   <wx w="732" />
   <wx w="782" />
   <wx w="782" />
   <wx w="782" />
   <wx w="782" />
   <wx w="782" />
   <wx w="568" />
   <wx w="782" />
   <wx w="692" />
   <wx w="692" />
   <wx w="692" />
   <wx w="692" />
   <wx w="602" />
   <wx w="613" />
   <wx w="627" />
   <wx w="526" />
   <wx w="526" />
   <wx w="526" />
   <wx w="526" />
   <wx w="526" />
   <wx w="526" />
   <wx w="863" />
   <wx w="469" />
   <wx w="563" />
   <wx w="563" />
   <wx w="563" />
   <wx w="563" />
   <wx w="257" />
   <wx w="257" />
   <wx w="257" />
   <wx w="257" />
   <wx w="593" />
   <wx w="578" />
   <wx w="594" />
   <wx w="594" />
   <wx w="594" />
   <wx w="594" />
   <wx w="594" />
   <wx w="568" />
   <wx w="594" />
   <wx w="578" />
   <wx w="578" />
   <wx w="578" />
   <wx w="578" />
   <wx w="501" />
   <wx w="593" />
   <wx w="501" />
   <wx w="667" />
   <wx w="526" />
   <wx w="667" />
   <wx w="526" />
   <wx w="667" />
   <wx w="526" />
   <wx w="624" />
   <wx w="469" />
   <wx w="624" />
   <wx w="469" />
   <wx w="624" />
   <wx w="469" />
   <wx w="624" />
   <wx w="469" />
   <wx w="717" />
   <wx w="626" />
   <wx w="730" />
   <wx w="593" />
   <wx w="575" />
   <wx w="563" />
   <wx w="575" />
   <wx w="563" />
   <wx w="575" />
   <wx w="563" />
   <wx w="575" />
   <wx w="563" />
   <wx w="575" />
   <wx w="563" />
   <wx w="676" />
   <wx w="582" />
   <wx w="676" />
   <wx w="582" />
   <wx w="676" />
   <wx w="582" />
   <wx w="676" />
   <wx w="582" />
   <wx w="709" />
   <wx w="575" />
   <wx w="735" />
   <wx w="575" />
   <wx w="273" />
   <wx w="257" />
   <wx w="273" />
   <wx w="257" />
   <wx w="273" />
   <wx w="257" />
   <wx w="273" />
   <wx w="257" />
   <wx w="273" />
   <wx w="257" />
   <wx w="772" />
   <wx w="514" />
   <wx w="504" />
   <wx w="257" />
   <wx w="633" />
   <wx w="526" />
   <wx w="541" />
   <wx w="523" />
   <wx w="277" />
   <wx w="523" />
   <wx w="277" />
   <wx w="523" />
   <wx w="288" />
   <wx w="523" />
   <wx w="373" />
   <wx w="541" />
   <wx w="291" />
   <wx w="732" />
   <wx w="578" />
   <wx w="732" />
   <wx w="578" />
   <wx w="732" />
   <wx w="578" />
   <wx w="578" />
   <wx w="732" />
   <wx w="578" />
   <wx w="782" />
   <wx w="594" />
   <wx w="782" />
   <wx w="594" />
   <wx w="782" />
   <wx w="594" />
   <wx w="997" />
   <wx w="951" />
   <wx w="633" />
   <wx w="390" />
   <wx w="633" />
   <wx w="390" />
   <wx w="633" />
   <wx w="390" />
   <wx w="536" />
   <wx w="450" />
   <wx w="536" />
   <wx w="450" />
   <wx w="536" />
   <wx w="450" />
   <wx w="536" />
   <wx w="450" />
   <wx w="569" />
   <wx w="406" />
   <wx w="569" />
   <wx w="406" />
   <wx w="569" />
   <wx w="406" />
   <wx w="692" />
   <wx w="578" />
   <wx w="692" />
   <wx w="578" />
   <wx w="692" />
   <wx w="578" />
   <wx w="692" />
   <wx w="578" />
   <wx w="692" />
   <wx w="578" />
   <wx w="692" />
   <wx w="578" />
   <wx w="933" />
   <wx w="781" />
   <wx w="602" />
   <wx w="501" />
   <wx w="602" />
   <wx w="577" />
   <wx w="475" />
   <wx w="577" />
   <wx w="475" />
   <wx w="577" />
   <wx w="475" />
   <wx w="277" />
   <wx w="593" />
   <wx w="748" />
   <wx w="623" />
   <wx w="593" />
   <wx w="593" />
   <wx w="624" />
   <wx w="624" />
   <wx w="667" />
   <wx w="512" />
   <wx w="730" />
   <wx w="818" />
   <wx w="629" />
   <wx w="593" />
   <wx w="586" />
   <wx w="575" />
   <wx w="709" />
   <wx w="576" />
   <wx w="541" />
   <wx w="568" />
   <wx w="676" />
   <wx w="654" />
   <wx w="895" />
   <wx w="380" />
   <wx w="329" />
   <wx w="668" />
   <wx w="526" />
   <wx w="291" />
   <wx w="514" />
   <wx w="979" />
   <wx w="732" />
   <wx w="578" />
   <wx w="782" />
   <wx w="782" />
   <wx w="594" />
   <wx w="1028" />
   <wx w="825" />
   <wx w="714" />
   <wx w="593" />
   <wx w="633" />
   <wx w="536" />
   <wx w="450" />
   <wx w="567" />
   <wx w="290" />
   <wx w="406" />
   <wx w="596" />
   <wx w="406" />
   <wx w="569" />
   <wx w="714" />
   <wx w="601" />
   <wx w="788" />
   <wx w="698" />
   <wx w="676" />
   <wx w="574" />
   <wx w="577" />
   <wx w="475" />
   <wx w="571" />
   <wx w="571" />
   <wx w="475" />
   <wx w="478" />
   <wx w="549" />
   <wx w="542" />
   <wx w="500" />
   <wx w="467" />
   <wx w="575" />
   <wx w="283" />
   <wx w="487" />
   <wx w="573" />
   <wx w="280" />
   <wx w="1294" />
   <wx w="1192" />
   <wx w="1068" />
   <wx w="1022" />
   <wx w="780" />
   <wx w="534" />
   <wx w="1231" />
   <wx w="989" />
   <wx w="835" />
   <wx w="667" />
   <wx w="526" />
   <wx w="273" />
   <wx w="257" />
   <wx w="782" />
   <wx w="594" />
   <wx w="692" />
   <wx w="578" />
   <wx w="692" />
   <wx w="578" />
   <wx w="692" />
   <wx w="578" />
   <wx w="692" />
   <wx w="578" />
   <wx w="692" />
   <wx w="578" />
   <wx w="563" />
   <wx w="667" />
   <wx w="526" />
   <wx w="667" />
   <wx w="526" />
   <wx w="939" />
   <wx w="863" />
   <wx w="706" />
   <wx w="594" />
   <wx w="676" />
   <wx w="582" />
   <wx w="633" />
   <wx w="526" />
   <wx w="782" />
   <wx w="594" />
   <wx w="782" />
   <wx w="594" />
   <wx w="571" />
   <wx w="475" />
   <wx w="257" />
   <wx w="1294" />
   <wx w="1192" />
   <wx w="1068" />
   <wx w="676" />
   <wx w="582" />
   <wx w="1061" />
   <wx w="647" />
   <wx w="732" />
   <wx w="578" />
   <wx w="667" />
   <wx w="526" />
   <wx w="939" />
   <wx w="863" />
   <wx w="782" />
   <wx w="594" />
   <wx w="667" />
   <wx w="526" />
   <wx w="667" />
   <wx w="526" />
   <wx w="575" />
   <wx w="563" />
   <wx w="575" />
   <wx w="563" />
   <wx w="273" />
   <wx w="257" />
   <wx w="273" />
   <wx w="257" />
   <wx w="782" />
   <wx w="594" />
   <wx w="782" />
   <wx w="594" />
   <wx w="633" />
   <wx w="390" />
   <wx w="633" />
   <wx w="390" />
   <wx w="692" />
   <wx w="578" />
   <wx w="692" />
   <wx w="578" />
   <wx w="536" />
   <wx w="450" />
   <wx w="569" />
   <wx w="406" />
   <wx w="539" />
   <wx w="440" />
   <wx w="709" />
   <wx w="575" />
   <wx w="680" />
   <wx w="731" />
   <wx w="674" />
   <wx w="595" />
   <wx w="577" />
   <wx w="475" />
   <wx w="667" />
   <wx w="526" />
   <wx w="575" />
   <wx w="563" />
   <wx w="782" />
   <wx w="594" />
   <wx w="782" />
   <wx w="594" />
   <wx w="782" />
   <wx w="594" />
   <wx w="782" />
   <wx w="594" />
   <wx w="602" />
   <wx w="501" />
   <wx w="414" />
   <wx w="722" />
   <wx w="414" />
   <wx w="257" />
   <wx w="929" />
   <wx w="929" />
   <wx w="667" />
   <wx w="645" />
   <wx w="481" />
   <wx w="536" />
   <wx w="624" />
   <wx w="450" />
   <wx w="473" />
   <wx w="481" />
   <wx w="421" />
   <wx w="660" />
   <wx w="718" />
   <wx w="656" />
   <wx w="599" />
   <wx w="578" />
   <wx w="519" />
   <wx w="295" />
   <wx w="789" />
   <wx w="593" />
   <wx w="646" />
   <wx w="402" />
   <wx w="622" />
   <wx w="521" />
   <wx w="475" />
   <wx w="380" />
   <wx w="380" />
   <wx w="380" />
   <wx w="380" />
   <wx w="380" />
   <wx w="380" />
   <wx w="380" />
   <wx w="380" />
   <wx w="380" />
   <wx w="380" />
   <wx w="380" />
   <wx w="380" />
   <wx w="380" />
   <wx w="667" />
   <wx w="638" />
   <wx w="777" />
   <wx w="341" />
   <wx w="807" />
   <wx w="728" />
   <wx w="810" />
   <wx w="277" />
   <wx w="667" />
   <wx w="647" />
   <wx w="513" />
   <wx w="655" />
   <wx w="575" />
   <wx w="577" />
   <wx w="709" />
   <wx w="782" />
   <wx w="273" />
   <wx w="633" />
   <wx w="656" />
   <wx w="875" />
   <wx w="732" />
   <wx w="556" />
   <wx w="782" />
   <wx w="703" />
   <wx w="612" />
   <wx w="567" />
   <wx w="569" />
   <wx w="602" />
   <wx w="868" />
   <wx w="635" />
   <wx w="819" />
   <wx w="788" />
   <wx w="273" />
   <wx w="602" />
   <wx w="610" />
   <wx w="507" />
   <wx w="578" />
   <wx w="277" />
   <wx w="580" />
   <wx w="610" />
   <wx w="615" />
   <wx w="507" />
   <wx w="593" />
   <wx w="507" />
   <wx w="447" />
   <wx w="578" />
   <wx w="606" />
   <wx w="277" />
   <wx w="541" />
   <wx w="513" />
   <wx w="584" />
   <wx w="506" />
   <wx w="474" />
   <wx w="594" />
   <wx w="582" />
   <wx w="599" />
   <wx w="452" />
   <wx w="617" />
   <wx w="449" />
   <wx w="580" />
   <wx w="774" />
   <wx w="515" />
   <wx w="780" />
   <wx w="842" />
   <wx w="277" />
   <wx w="580" />
   <wx w="594" />
   <wx w="580" />
   <wx w="842" />
   <wx w="575" />
   <wx w="575" />
   <wx w="755" />
   <wx w="513" />
   <wx w="624" />
   <wx w="536" />
   <wx w="273" />
   <wx w="273" />
   <wx w="504" />
   <wx w="1047" />
   <wx w="1030" />
   <wx w="753" />
   <wx w="633" />
   <wx w="732" />
   <wx w="591" />
   <wx w="703" />
   <wx w="667" />
   <wx w="623" />
   <wx w="647" />
   <wx w="513" />
   <wx w="727" />
   <wx w="575" />
   <wx w="909" />
   <wx w="576" />
   <wx w="732" />
   <wx w="732" />
   <wx w="633" />
   <wx w="711" />
   <wx w="875" />
   <wx w="709" />
   <wx w="782" />
   <wx w="703" />
   <wx w="612" />
   <wx w="624" />
   <wx w="569" />
   <wx w="591" />
   <wx w="868" />
   <wx w="635" />
   <wx w="722" />
   <wx w="635" />
   <wx w="987" />
   <wx w="1006" />
   <wx w="730" />
   <wx w="860" />
   <wx w="620" />
   <wx w="624" />
   <wx w="1034" />
   <wx w="639" />
   <wx w="526" />
   <wx w="599" />
   <wx w="552" />
   <wx w="422" />
   <wx w="607" />
   <wx w="563" />
   <wx w="767" />
   <wx w="493" />
   <wx w="601" />
   <wx w="601" />
   <wx w="541" />
   <wx w="602" />
   <wx w="735" />
   <wx w="590" />
   <wx w="594" />
   <wx w="582" />
   <wx w="593" />
   <wx w="469" />
   <wx w="467" />
   <wx w="501" />
   <wx w="770" />
   <wx w="515" />
   <wx w="590" />
   <wx w="537" />
   <wx w="827" />
   <wx w="838" />
   <wx w="602" />
   <wx w="762" />
   <wx w="532" />
   <wx w="502" />
   <wx w="815" />
   <wx w="552" />
   <wx w="563" />
   <wx w="563" />
   <wx w="575" />
   <wx w="422" />
   <wx w="502" />
   <wx w="450" />
   <wx w="257" />
   <wx w="257" />
   <wx w="257" />
   <wx w="867" />
   <wx w="855" />
   <wx w="575" />
   <wx w="541" />
   <wx w="601" />
   <wx w="501" />
   <wx w="579" />
   <wx w="730" />
   <wx w="602" />
   <wx w="782" />
   <wx w="594" />
   <wx w="757" />
   <wx w="568" />
   <wx w="749" />
   <wx w="612" />
   <wx w="633" />
   <wx w="528" />
   <wx w="612" />
   <wx w="593" />
   <wx w="513" />
   <wx w="432" />
   <wx w="526" />
   <wx w="430" />
   <wx w="628" />
   <wx w="548" />
   <wx w="925" />
   <wx w="779" />
   <wx w="576" />
   <wx w="493" />
   <wx w="660" />
   <wx w="550" />
   <wx w="711" />
   <wx w="623" />
   <wx w="645" />
   <wx w="560" />
   <wx w="743" />
   <wx w="611" />
   <wx w="728" />
   <wx w="601" />
   <wx w="819" />
   <wx w="660" />
   <wx w="1036" />
   <wx w="864" />
   <wx w="790" />
   <wx w="613" />
   <wx w="624" />
   <wx w="469" />
   <wx w="569" />
   <wx w="467" />
   <wx w="602" />
   <wx w="506" />
   <wx w="602" />
   <wx w="506" />
   <wx w="657" />
   <wx w="529" />
   <wx w="850" />
   <wx w="665" />
   <wx w="654" />
   <wx w="548" />
   <wx w="642" />
   <wx w="537" />
   <wx w="643" />
   <wx w="575" />
   <wx w="839" />
   <wx w="674" />
   <wx w="839" />
   <wx w="674" />
   <wx w="273" />
   <wx w="909" />
   <wx w="767" />
   <wx w="635" />
   <wx w="548" />
   <wx w="728" />
   <wx w="613" />
   <wx w="709" />
   <wx w="590" />
   <wx w="726" />
   <wx w="601" />
   <wx w="642" />
   <wx w="537" />
   <wx w="903" />
   <wx w="755" />
   <wx w="273" />
   <wx w="667" />
   <wx w="526" />
   <wx w="667" />
   <wx w="526" />
   <wx w="939" />
   <wx w="863" />
   <wx w="575" />
   <wx w="563" />
   <wx w="709" />
   <wx w="563" />
   <wx w="709" />
   <wx w="563" />
   <wx w="909" />
   <wx w="767" />
   <wx w="576" />
   <wx w="493" />
   <wx w="571" />
   <wx w="475" />
   <wx w="732" />
   <wx w="601" />
   <wx w="732" />
   <wx w="601" />
   <wx w="782" />
   <wx w="594" />
   <wx w="782" />
   <wx w="594" />
   <wx w="782" />
   <wx w="594" />
   <wx w="624" />
   <wx w="502" />
   <wx w="591" />
   <wx w="501" />
   <wx w="591" />
   <wx w="501" />
   <wx w="591" />
   <wx w="501" />
   <wx w="635" />
   <wx w="537" />
   <wx w="513" />
   <wx w="422" />
   <wx w="860" />
   <wx w="762" />
   <wx w="275" />
   <wx w="435" />
   <wx w="27" />
   <wx w="372" />
   <wx w="461" />
   <wx w="749" />
   <wx w="1009" />
   <wx w="447" />
   <wx w="564" />
   <wx w="673" />
   <wx w="734" />
   <wx w="712" />
   <wx w="520" />
   <wx w="663" />
   <wx w="691" />
   <wx w="639" />
   <wx w="706" />
   <wx w="605" />
   <wx w="566" />
   <wx w="562" />
   <wx w="534" />
   <wx w="635" />
   <wx w="466" />
   <wx w="521" />
   <wx w="774" />
   <wx w="654" />
   <wx w="914" />
   <wx w="471" />
   <wx w="462" />
   <wx w="636" />
   <wx w="489" />
   <wx w="517" />
   <wx w="649" />
   <wx w="556" />
   <wx w="454" />
   <wx w="479" />
   <wx w="516" />
   <wx w="583" />
   <wx w="632" />
   <wx w="481" />
   <wx w="644" />
   <wx w="480" />
   <wx w="498" />
   <wx w="475" />
   <wx w="644" />
   <wx w="514" />
   <wx w="477" />
   <wx w="571" />
   <wx w="451" />
   <wx w="0" />
   <wx w="469" />
   <wx w="250" />
   <wx w="216" />
   <wx w="293" />
   <wx w="33" />
   <wx w="16" />
   <wx w="30" />
   <wx w="31" />
   <wx w="347" />
   <wx w="363" />
   <wx w="675" />
   <wx w="1040" />
   <wx w="3" />
   <wx w="461" />
   <wx w="284" />
   <wx w="617" />
   <wx w="471" />
   <wx w="509" />
   <wx w="712" />
   <wx w="520" />
   <wx w="0" />
   <wx w="0" />
   <wx w="562" />
   <wx w="561" />
   <wx w="562" />
   <wx w="562" />
   <wx w="561" />
   <wx w="561" />
   <wx w="562" />
   <wx w="562" />
   <wx w="561" />
   <wx w="561" />
   <wx w="487" />
   <wx w="506" />
   <wx w="274" />
   <wx w="274" />
   <wx w="274" />
   <wx w="274" />
   <wx w="274" />
   <wx w="397" />
   <wx w="274" />
   <wx w="274" />
   <wx w="725" />
   <wx w="933" />
   <wx w="781" />
   <wx w="933" />
   <wx w="781" />
   <wx w="933" />
   <wx w="781" />
   <wx w="602" />
   <wx w="501" />
   <wx w="610" />
   <wx w="610" />
   <wx w="610" />
   <wx w="610" />
   <wx w="610" />
   <wx w="610" />
   <wx w="610" />
   <wx w="610" />
   <wx w="667" />
   <wx w="667" />
   <wx w="785" />
   <wx w="770" />
   <wx w="729" />
   <wx w="756" />
   <wx w="667" />
   <wx w="677" />
   <wx w="507" />
   <wx w="507" />
   <wx w="507" />
   <wx w="507" />
   <wx w="507" />
   <wx w="507" />
   <wx w="638" />
   <wx w="638" />
   <wx w="828" />
   <wx w="813" />
   <wx w="806" />
   <wx w="833" />
   <wx w="578" />
   <wx w="578" />
   <wx w="578" />
   <wx w="578" />
   <wx w="578" />
   <wx w="578" />
   <wx w="578" />
   <wx w="578" />
   <wx w="772" />
   <wx w="772" />
   <wx w="962" />
   <wx w="947" />
   <wx w="940" />
   <wx w="967" />
   <wx w="885" />
   <wx w="885" />
   <wx w="277" />
   <wx w="277" />
   <wx w="277" />
   <wx w="277" />
   <wx w="277" />
   <wx w="277" />
   <wx w="277" />
   <wx w="277" />
   <wx w="336" />
   <wx w="336" />
   <wx w="526" />
   <wx w="511" />
   <wx w="504" />
   <wx w="531" />
   <wx w="449" />
   <wx w="449" />
   <wx w="594" />
   <wx w="594" />
   <wx w="594" />
   <wx w="594" />
   <wx w="594" />
   <wx w="594" />
   <wx w="792" />
   <wx w="828" />
   <wx w="1018" />
   <wx w="1003" />
   <wx w="945" />
   <wx w="972" />
   <wx w="580" />
   <wx w="580" />
   <wx w="580" />
   <wx w="580" />
   <wx w="580" />
   <wx w="580" />
   <wx w="580" />
   <wx w="580" />
   <wx w="707" />
   <wx w="871" />
   <wx w="923" />
   <wx w="849" />
   <wx w="842" />
   <wx w="842" />
   <wx w="842" />
   <wx w="842" />
   <wx w="842" />
   <wx w="842" />
   <wx w="842" />
   <wx w="842" />
   <wx w="795" />
   <wx w="830" />
   <wx w="1020" />
   <wx w="1005" />
   <wx w="947" />
   <wx w="974" />
   <wx w="873" />
   <wx w="902" />
   <wx w="610" />
   <wx w="610" />
   <wx w="507" />
   <wx w="507" />
   <wx w="578" />
   <wx w="578" />
   <wx w="277" />
   <wx w="277" />
   <wx w="594" />
   <wx w="594" />
   <wx w="580" />
   <wx w="580" />
   <wx w="842" />
   <wx w="842" />
   <wx w="610" />
   <wx w="610" />
   <wx w="610" />
   <wx w="610" />
   <wx w="610" />
   <wx w="610" />
   <wx w="610" />
   <wx w="610" />
   <wx w="944" />
   <wx w="944" />
   <wx w="1062" />
   <wx w="1047" />
   <wx w="1006" />
   <wx w="1033" />
   <wx w="944" />
   <wx w="954" />
   <wx w="578" />
   <wx w="578" />
   <wx w="578" />
   <wx w="578" />
   <wx w="578" />
   <wx w="578" />
   <wx w="578" />
   <wx w="578" />
   <wx w="1049" />
   <wx w="1049" />
   <wx w="1239" />
   <wx w="1224" />
   <wx w="1217" />
   <wx w="1244" />
   <wx w="1162" />
   <wx w="1162" />
   <wx w="842" />
   <wx w="842" />
   <wx w="842" />
   <wx w="842" />
   <wx w="842" />
   <wx w="842" />
   <wx w="842" />
   <wx w="842" />
   <wx w="1072" />
   <wx w="1107" />
   <wx w="1297" />
   <wx w="1282" />
   <wx w="1224" />
   <wx w="1251" />
   <wx w="1150" />
   <wx w="1179" />
   <wx w="610" />
   <wx w="610" />
   <wx w="610" />
   <wx w="610" />
   <wx w="610" />
   <wx w="610" />
   <wx w="610" />
   <wx w="667" />
   <wx w="667" />
   <wx w="667" />
   <wx w="667" />
   <wx w="944" />
   <wx w="380" />
   <wx w="277" />
   <wx w="380" />
   <wx w="380" />
   <wx w="380" />
   <wx w="578" />
   <wx w="578" />
   <wx w="578" />
   <wx w="578" />
   <wx w="578" />
   <wx w="696" />
   <wx w="696" />
   <wx w="830" />
   <wx w="830" />
   <wx w="986" />
   <wx w="380" />
   <wx w="380" />
   <wx w="380" />
   <wx w="277" />
   <wx w="277" />
   <wx w="277" />
   <wx w="277" />
   <wx w="277" />
   <wx w="277" />
   <wx w="273" />
   <wx w="273" />
   <wx w="394" />
   <wx w="394" />
   <wx w="380" />
   <wx w="380" />
   <wx w="380" />
   <wx w="580" />
   <wx w="580" />
   <wx w="580" />
   <wx w="580" />
   <wx w="599" />
   <wx w="599" />
   <wx w="580" />
   <wx w="580" />
   <wx w="602" />
   <wx w="602" />
   <wx w="744" />
   <wx w="786" />
   <wx w="675" />
   <wx w="380" />
   <wx w="380" />
   <wx w="380" />
   <wx w="842" />
   <wx w="842" />
   <wx w="842" />
   <wx w="842" />
   <wx w="842" />
   <wx w="885" />
   <wx w="838" />
   <wx w="887" />
   <wx w="841" />
   <wx w="1065" />
   <wx w="380" />
   <wx w="380" />
   <wx w="0" />
   <wx w="0" />
   <wx w="500" />
   <wx w="1000" />
   <wx w="1000" />
   <wx w="239" />
   <wx w="239" />
   <wx w="239" />
   <wx w="421" />
   <wx w="421" />
   <wx w="421" />
   <wx w="480" />
   <wx w="480" />
   <wx w="364" />
   <wx w="1000" />
   <wx w="1231" />
   <wx w="295" />
   <wx w="295" />
   <wx w="152" />
   <wx w="363" />
   <wx w="363" />
   <wx w="363" />
   <wx w="363" />
   <wx w="363" />
   <wx w="363" />
   <wx w="363" />
   <wx w="363" />
   <wx w="363" />
   <wx w="363" />
   <wx w="363" />
   <wx w="363" />
   <wx w="363" />
   <wx w="363" />
   <wx w="363" />
   <wx w="363" />
   <wx w="363" />
   <wx w="568" />
   <wx w="568" />
   <wx w="568" />
   <wx w="568" />
   <wx w="454" />
   <wx w="1134" />
   <wx w="763" />
   <wx w="788" />
   <wx w="936" />
   <wx w="878" />
   <wx w="878" />
   <wx w="878" />
   <wx w="878" />
   <wx w="878" />
   <wx w="878" />
   <wx w="878" />
   <wx w="878" />
   <wx w="878" />
   <wx w="878" />
   <wx w="878" />
   <wx w="878" />
   <wx w="589" />
   <wx w="655" />
   <wx w="701" />
   <wx w="519" />
   <wx w="568" />
   <wx w="152" />
   <wx w="250" />
   <wx w="568" />
   <wx w="592" />
   <wx w="373" />
   <wx w="568" />
   <wx w="568" />
   <wx w="568" />
   <wx w="568" />
   <wx w="556" />
   <wx w="720" />
   <wx w="455" />
   <wx w="1339" />
   <wx w="977" />
   <wx w="647" />
   <wx w="667" />
   <wx w="878" />
   <wx w="878" />
   <wx w="878" />
   <wx w="878" />
   <wx w="878" />
   <wx w="878" />
   <wx w="878" />
   <wx w="878" />
   <wx w="878" />
   <wx w="878" />
   <wx w="878" />
   <wx w="878" />
   <wx w="568" />
   <wx w="377" />
   <wx w="499" />
   <wx w="508" />
   <wx w="537" />
   <wx w="500" />
   <wx w="550" />
   <wx w="475" />
   <wx w="554" />
   <wx w="550" />
   <wx w="363" />
   <wx w="363" />
   <wx w="363" />
   <wx w="363" />
   <wx w="363" />
   <wx w="363" />
   <wx w="363" />
   <wx w="363" />
   <wx w="363" />
   <wx w="363" />
   <wx w="363" />
   <wx w="363" />
   <wx w="363" />
   <wx w="363" />
   <wx w="363" />
   <wx w="363" />
   <wx w="363" />
   <wx w="363" />
   <wx w="363" />
   <wx w="363" />
   <wx w="780" />
   <wx w="647" />
   <wx w="667" />
   <wx w="1037" />
   <wx w="1057" />
   <wx w="257" />
   <wx w="748" />
   <wx w="844" />
   <wx w="380" />
   <wx w="253" />
   <wx w="253" />
   <wx w="380" />
   <wx w="328" />
   <wx w="328" />
   <wx w="303" />
   <wx w="388" />
   <wx w="954" />
   <wx w="333" />
   <wx w="388" />
   <wx w="333" />
   <wx w="337" />
   <wx w="337" />
   <wx w="295" />
   <wx w="364" />
   <wx w="500" />
   <wx w="1000" />
   <wx w="295" />
   <wx w="280" />
   <wx w="503" />
   <wx w="503" />
   <wx w="408" />
   <wx w="380" />
   <wx w="380" />
   <wx w="380" />
   <wx w="380" />
   <wx w="380" />
   <wx w="380" />
   <wx w="380" />
   <wx w="380" />
   <wx w="380" />
   <wx w="380" />
   <wx w="380" />
   <wx w="380" />
   <wx w="380" />
   <wx w="380" />
   <wx w="592" />
   <wx w="568" />
   <wx w="568" />
   <wx w="380" />
   <wx w="380" />
   <wx w="667" />
   <wx w="667" />
   <wx w="785" />
   <wx w="770" />
   <wx w="729" />
   <wx w="756" />
   <wx w="667" />
   <wx w="677" />
   <wx w="772" />
   <wx w="772" />
   <wx w="962" />
   <wx w="947" />
   <wx w="940" />
   <wx w="967" />
   <wx w="885" />
   <wx w="885" />
   <wx w="795" />
   <wx w="830" />
   <wx w="1020" />
   <wx w="1005" />
   <wx w="947" />
   <wx w="974" />
   <wx w="873" />
   <wx w="902" />
   <wx w="667" />
   <wx w="709" />
   <wx w="788" />
   <wx w="223" />
   <wx w="566" />
   <wx w="464" />
   <wx w="747" />
   <wx w="747" />
   <wx w="672" />
   <wx w="550" />
   <wx w="603" />
   <wx w="643" />
   <wx w="602" />
   <wx w="552" />
   <wx w="623" />
   <wx w="640" />
   <wx w="668" />
   <wx w="641" />
   <wx w="619" />
   <wx w="565" />
   <wx w="572" />
   <wx w="471" />
   <wx w="682" />
   <wx w="434" />
   <wx w="671" />
   <wx w="585" />
   <wx w="585" />
   <wx w="625" />
   <wx w="462" />
   <wx w="639" />
   <wx w="576" />
   <wx w="725" />
   <wx w="709" />
   <wx w="499" />
   <wx w="433" />
   <wx w="497" />
   <wx w="537" />
   <wx w="475" />
   <wx w="481" />
   <wx w="593" />
   <wx w="1112" />
   <wx w="1112" />
   <wx w="724" />
   <wx w="510" />
   <wx w="892" />
   <wx w="901" />
   <wx w="670" />
   <wx w="571" />
   <wx w="617" />
   <wx w="728" />
   <wx w="752" />
   <wx w="723" />
   <wx w="771" />
   <wx w="416" />
   <wx w="429" />
   <wx w="413" />
   <wx w="507" />
   <wx w="466" />
   <wx w="807" />
   <wx w="810" />
   <wx w="722" />
   <wx w="736" />
   <wx w="675" />
   <wx w="638" />
   <wx w="636" />
   <wx w="672" />
   <wx w="672" />
   <wx w="571" />
   <wx w="657" />
   <wx w="627" />
   <wx w="532" />
   <wx w="485" />
   <wx w="485" />
   <wx w="619" />
   <wx w="546" />
   <wx w="429" />
   <wx w="423" />
   <wx w="982" />
   <wx w="927" />
   <wx w="755" />
   <wx w="564" />
   <wx w="565" />
   <wx w="548" />
   <wx w="638" />
   <wx w="648" />
   <wx w="533" />
   <wx w="544" />
   <wx w="652" />
   <wx w="710" />
   <wx w="647" />
   <wx w="654" />
   <wx w="476" />
   <wx w="624" />
   <wx w="502" />
   <wx w="444" />
   <wx w="550" />
   <wx w="521" />
   <wx w="589" />
   <wx w="564" />
   <wx w="741" />
   <wx w="565" />
   <wx w="726" />
   <wx w="722" />
   <wx w="564" />
   <wx w="547" />
   <wx w="549" />
   <wx w="708" />
   <wx w="694" />
   <wx w="483" />
   <wx w="813" />
   <wx w="783" />
   <wx w="569" />
   <wx w="592" />
   <wx w="571" />
   <wx w="564" />
   <wx w="552" />
   <wx w="443" />
   <wx w="566" />
   <wx w="494" />
   <wx w="536" />
   <wx w="511" />
   <wx w="676" />
   <wx w="657" />
   <wx w="457" />
   <wx w="430" />
   <wx w="531" />
   <wx w="524" />
   <wx w="653" />
   <wx w="645" />
   <wx w="708" />
   <wx w="605" />
   <wx w="646" />
   <wx w="497" />
   <wx w="614" />
   <wx w="623" />
   <wx w="615" />
   <wx w="530" />
   <wx w="605" />
   <wx w="534" />
   <wx w="544" />
   <wx w="454" />
   <wx w="455" />
   <wx w="617" />
   <wx w="622" />
   <wx w="573" />
   <wx w="609" />
   <wx w="609" />
   <wx w="689" />
   <wx w="439" />
   <wx w="582" />
   <wx w="513" />
   <wx w="408" />
   <wx w="605" />
   <wx w="701" />
   <wx w="632" />
   <wx w="612" />
   <wx w="547" />
   <wx w="506" />
   <wx w="522" />
   <wx w="690" />
   <wx w="574" />
   <wx w="712" />
   <wx w="733" />
   <wx w="525" />
   <wx w="666" />
   <wx w="606" />
   <wx w="694" />
   <wx w="605" />
   <wx w="759" />
   <wx w="540" />
   <wx w="567" />
   <wx w="513" />
   <wx w="540" />
   <wx w="558" />
   <wx w="552" />
   <wx w="716" />
   <wx w="581" />
   <wx w="547" />
   <wx w="639" />
   <wx w="623" />
   <wx w="489" />
   <wx w="565" />
   <wx w="696" />
   <wx w="700" />
   <wx w="579" />
   <wx w="542" />
   <wx w="723" />
   <wx w="425" />
   <wx w="891" />
   <wx w="871" />
   <wx w="708" />
   <wx w="732" />
   <wx w="453" />
   <wx w="608" />
   <wx w="562" />
   <wx w="571" />
   <wx w="548" />
   <wx w="532" />
   <wx w="483" />
   <wx w="590" />
   <wx w="560" />
   <wx w="620" />
   <wx w="524" />
   <wx w="703" />
   <wx w="790" />
   <wx w="638" />
   <wx w="726" />
   <wx w="661" />
   <wx w="668" />
   <wx w="638" />
   <wx w="722" />
   <wx w="549" />
   <wx w="826" />
   <wx w="528" />
   <wx w="681" />
   <wx w="606" />
   <wx w="547" />
   <wx w="662" />
   <wx w="610" />
   <wx w="712" />
   <wx w="572" />
   <wx w="484" />
   <wx w="599" />
   <wx w="439" />
   <wx w="559" />
   <wx w="800" />
   <wx w="755" />
   <wx w="737" />
   <wx w="502" />
   <wx w="514" />
   <wx w="689" />
   <wx w="461" />
   <wx w="490" />
   <wx w="501" />
   <wx w="668" />
   <wx w="837" />
   <wx w="835" />
   <wx w="689" />
   <wx w="487" />
   <wx w="406" />
   <wx w="544" />
   <wx w="554" />
   <wx w="681" />
   <wx w="684" />
   <wx w="646" />
   <wx w="698" />
   <wx w="583" />
   <wx w="688" />
   <wx w="553" />
   <wx w="603" />
   <wx w="529" />
   <wx w="576" />
   <wx w="509" />
   <wx w="487" />
   <wx w="882" />
   <wx w="884" />
   <wx w="884" />
   <wx w="882" />
   <wx w="803" />
   <wx w="468" />
   <wx w="697" />
   <wx w="570" />
   <wx w="729" />
   <wx w="680" />
   <wx w="507" />
   <wx w="491" />
   <wx w="575" />
   <wx w="401" />
   <wx w="572" />
   <wx w="718" />
   <wx w="625" />
   <wx w="493" />
   <wx w="433" />
   <wx w="978" />
   <wx w="557" />
   <wx w="447" />
   <wx w="510" />
   <wx w="579" />
   <wx w="565" />
   <wx w="609" />
   <wx w="594" />
   <wx w="488" />
   <wx w="220" />
   <wx w="220" />
   <wx w="220" />
   <wx w="312" />
   <wx w="311" />
   <wx w="0" />
   <wx w="0" />
   <wx w="0" />
   <wx w="740" />
   <wx w="538" />
   <wx w="505" />
   <wx w="507" />
   <wx w="475" />
   <wx w="564" />
   <wx w="415" />
   <wx w="466" />
   <wx w="688" />
   <wx w="582" />
   <wx w="812" />
   <wx w="419" />
   <wx w="411" />
   <wx w="566" />
   <wx w="435" />
   <wx w="465" />
   <wx w="577" />
   <wx w="498" />
   <wx w="404" />
   <wx w="431" />
   <wx w="459" />
   <wx w="522" />
   <wx w="555" />
   <wx w="428" />
   <wx w="573" />
   <wx w="427" />
   <wx w="443" />
   <wx w="423" />
   <wx w="573" />
   <wx w="300" />
   <wx w="485" />
   <wx w="424" />
   <wx w="508" />
   <wx w="404" />
   <wx w="549" />
   <wx w="419" />
   <wx w="453" />
   <wx w="623" />
   <wx w="450" />
   <wx w="433" />
   <wx w="575" />
   <wx w="462" />
   <wx w="546" />
   <wx w="522" />
   <wx w="658" />
  </cid-widths>
 </multibyte-extras>
</font-metrics>