<?xml version="1.0" encoding="UTF-8"?><font-metrics metrics-version="2" type="TYPE0"><font-name>NafeesWebNaskh</font-name><full-name>Nafees Web Naskh</full-name><family-name>Nafees Web Naskh</family-name><embed/><cap-height>561</cap-height><x-height>323</x-height><ascender>622</ascender><descender>-212</descender><bbox><left>-1057</left><bottom>-494</bottom><right>3247</right><top>850</top></bbox><flags>33</flags><stemv>0</stemv><italicangle>0</italicangle><subtype>TYPE0</subtype><multibyte-extras><cid-type>CIDFontType2</cid-type><default-width>0</default-width><bfranges><bf gi="3" ue="32" us="32"/><bf gi="291" ue="33" us="33"/><bf gi="257" ue="34" us="34"/><bf gi="171" ue="35" us="35"/><bf gi="163" ue="36" us="36"/><bf gi="158" ue="37" us="37"/><bf gi="290" ue="38" us="38"/><bf gi="276" ue="39" us="39"/><bf gi="167" ue="40" us="40"/><bf gi="172" ue="41" us="41"/><bf gi="159" ue="42" us="42"/><bf gi="168" ue="43" us="43"/><bf gi="156" ue="44" us="44"/><bf gi="165" ue="45" us="45"/><bf gi="226" ue="46" us="46"/><bf gi="169" ue="47" us="47"/><bf gi="230" ue="57" us="48"/><bf gi="155" ue="58" us="58"/><bf gi="228" ue="59" us="59"/><bf gi="240" ue="60" us="60"/><bf gi="164" ue="61" us="61"/><bf gi="241" ue="62" us="62"/><bf gi="227" ue="63" us="63"/><bf gi="160" ue="64" us="64"/><bf gi="200" ue="90" us="65"/><bf gi="161" ue="91" us="91"/><bf gi="287" ue="92" us="92"/><bf gi="173" ue="93" us="93"/><bf gi="286" ue="94" us="94"/><bf gi="293" ue="95" us="95"/><bf gi="288" ue="96" us="96"/><bf gi="174" ue="111" us="97"/><bf gi="190" ue="112" us="112"/><bf gi="189" ue="113" us="113"/><bf gi="191" ue="122" us="114"/><bf gi="284" ue="123" us="123"/><bf gi="249" ue="124" us="124"/><bf gi="285" ue="125" us="125"/><bf gi="289" ue="126" us="126"/><bf gi="265" ue="160" us="160"/><bf gi="312" ue="164" us="164"/><bf gi="313" ue="167" us="167"/><bf gi="319" ue="172" us="172"/><bf gi="316" ue="176" us="176"/><bf gi="314" ue="182" us="182"/><bf gi="317" ue="183" us="183"/><bf gi="259" ue="1536" us="1536"/><bf gi="280" ue="1537" us="1537"/><bf gi="262" ue="1538" us="1538"/><bf gi="254" ue="1539" us="1539"/><bf gi="229" ue="1548" us="1548"/><bf gi="279" ue="1549" us="1549"/><bf gi="262" ue="1550" us="1550"/><bf gi="260" ue="1551" us="1551"/><bf gi="253" ue="1552" us="1552"/><bf gi="252" ue="1553" us="1553"/><bf gi="264" ue="1554" us="1554"/><bf gi="263" ue="1555" us="1555"/><bf gi="258" ue="1556" us="1556"/><bf gi="275" ue="1557" us="1557"/><bf gi="154" ue="1563" us="1563"/><bf gi="153" ue="1567" us="1567"/><bf gi="43" ue="1569" us="1569"/><bf gi="4" ue="1570" us="1570"/><bf gi="295" ue="1571" us="1571"/><bf gi="39" ue="1572" us="1572"/><bf gi="296" ue="1573" us="1573"/><bf gi="46" ue="1574" us="1574"/><bf gi="5" ue="1576" us="1575"/><bf gi="8" ue="1578" us="1578"/><bf gi="10" ue="1580" us="1579"/><bf gi="13" ue="1583" us="1581"/><bf gi="17" ue="1585" us="1584"/><bf gi="20" ue="1586" us="1586"/><bf gi="22" ue="1594" us="1587"/><bf gi="170" ue="1600" us="1600"/><bf gi="30" ue="1603" us="1601"/><bf gi="34" ue="1606" us="1604"/><bf gi="38" ue="1608" us="1608"/><bf gi="45" ue="1610" us="1610"/><bf gi="247" ue="1611" us="1611"/><bf gi="261" ue="1612" us="1612"/><bf gi="248" ue="1613" us="1613"/><bf gi="246" ue="1614" us="1614"/><bf gi="245" ue="1615" us="1615"/><bf gi="244" ue="1616" us="1616"/><bf gi="243" ue="1617" us="1617"/><bf gi="250" ue="1618" us="1618"/><bf gi="273" ue="1619" us="1619"/><bf gi="272" ue="1620" us="1620"/><bf gi="274" ue="1621" us="1621"/><bf gi="271" ue="1622" us="1622"/><bf gi="277" ue="1624" us="1623"/><bf gi="292" ue="1642" us="1642"/><bf gi="256" ue="1643" us="1643"/><bf gi="299" ue="1644" us="1644"/><bf gi="159" ue="1645" us="1645"/><bf gi="255" ue="1648" us="1648"/><bf gi="9" ue="1657" us="1657"/><bf gi="7" ue="1662" us="1662"/><bf gi="12" ue="1670" us="1670"/><bf gi="16" ue="1672" us="1672"/><bf gi="19" ue="1681" us="1681"/><bf gi="21" ue="1688" us="1688"/><bf gi="32" ue="1705" us="1705"/><bf gi="33" ue="1711" us="1711"/><bf gi="37" ue="1722" us="1722"/><bf gi="42" ue="1726" us="1726"/><bf gi="40" ue="1729" us="1729"/><bf gi="310" ue="1730" us="1730"/><bf gi="41" ue="1731" us="1731"/><bf gi="44" ue="1740" us="1740"/><bf gi="47" ue="1747" us="1746"/><bf gi="170" ue="1748" us="1748"/><bf gi="253" ue="1750" us="1750"/><bf gi="297" ue="1761" us="1761"/><bf gi="300" ue="1785" us="1776"/><bf gi="320" ue="8207" us="8204"/><bf gi="281" ue="8216" us="8216"/><bf gi="281" ue="8217" us="8217"/><bf gi="282" ue="8221" us="8220"/><bf gi="315" ue="8226" us="8226"/><bf gi="325" ue="8364" us="8364"/><bf gi="318" ue="8729" us="8729"/><bf gi="324" ue="9676" us="9676"/><bf gi="294" ue="65010" us="65010"/><bf gi="298" ue="65012" us="65012"/><bf gi="267" ue="65018" us="65018"/><bf gi="150" ue="65275" us="65275"/><bf gi="0" ue="65535" us="65535"/></bfranges><cid-widths start-index="0"><wx w="125"/><wx w="0"/><wx w="125"/><wx w="195"/><wx w="261"/><wx w="176"/><wx w="781"/><wx w="781"/><wx w="781"/><wx w="781"/><wx w="781"/><wx w="515"/><wx w="547"/><wx w="515"/><wx w="515"/><wx w="386"/><wx w="386"/><wx w="386"/><wx w="243"/><wx w="267"/><wx w="243"/><wx w="267"/><wx w="904"/><wx w="904"/><wx w="1045"/><wx w="1045"/><wx w="754"/><wx w="754"/><wx w="528"/><wx w="528"/><wx w="794"/><wx w="583"/><wx w="818"/><wx w="824"/><wx w="537"/><wx w="382"/><wx w="541"/><wx w="541"/><wx w="293"/><wx w="293"/><wx w="337"/><wx w="337"/><wx w="496"/><wx w="372"/><wx w="631"/><wx w="631"/><wx w="631"/><wx w="1075"/><wx w="1075"/><wx w="179"/><wx w="218"/><wx w="179"/><wx w="179"/><wx w="179"/><wx w="487"/><wx w="486"/><wx w="487"/><wx w="487"/><wx w="509"/><wx w="509"/><wx w="750"/><wx w="750"/><wx w="507"/><wx w="507"/><wx w="517"/><wx w="517"/><wx w="278"/><wx w="277"/><wx w="384"/><wx w="419"/><wx w="178"/><wx w="400"/><wx w="179"/><wx w="179"/><wx w="442"/><wx w="435"/><wx w="179"/><wx w="179"/><wx w="328"/><wx w="328"/><wx w="328"/><wx w="328"/><wx w="328"/><wx w="475"/><wx w="475"/><wx w="475"/><wx w="475"/><wx w="620"/><wx w="620"/><wx w="768"/><wx w="768"/><wx w="552"/><wx w="552"/><wx w="387"/><wx w="387"/><wx w="361"/><wx w="361"/><wx w="483"/><wx w="483"/><wx w="340"/><wx w="536"/><wx w="328"/><wx w="383"/><wx w="430"/><wx w="328"/><wx w="328"/><wx w="267"/><wx w="267"/><wx w="848"/><wx w="848"/><wx w="848"/><wx w="848"/><wx w="848"/><wx w="526"/><wx w="526"/><wx w="526"/><wx w="526"/><wx w="495"/><wx w="495"/><wx w="495"/><wx w="289"/><wx w="313"/><wx w="289"/><wx w="313"/><wx w="1016"/><wx w="1016"/><wx w="1057"/><wx w="1057"/><wx w="757"/><wx w="757"/><wx w="432"/><wx w="432"/><wx w="888"/><wx w="575"/><wx w="1020"/><wx w="1020"/><wx w="647"/><wx w="434"/><wx w="556"/><wx w="556"/><wx w="305"/><wx w="305"/><wx w="459"/><wx w="459"/><wx w="745"/><wx w="583"/><wx w="583"/><wx w="583"/><wx w="677"/><wx w="677"/><wx w="514"/><wx w="634"/><wx w="261"/><wx w="333"/><wx w="210"/><wx w="203"/><wx w="205"/><wx w="196"/><wx w="613"/><wx w="378"/><wx w="646"/><wx w="275"/><wx w="388"/><wx w="434"/><wx w="447"/><wx w="306"/><wx w="354"/><wx w="293"/><wx w="538"/><wx w="420"/><wx w="282"/><wx w="694"/><wx w="293"/><wx w="275"/><wx w="488"/><wx w="488"/><wx w="463"/><wx w="465"/><wx w="480"/><wx w="315"/><wx w="451"/><wx w="482"/><wx w="198"/><wx w="269"/><wx w="458"/><wx w="183"/><wx w="740"/><wx w="487"/><wx w="474"/><wx w="473"/><wx w="488"/><wx w="374"/><wx w="414"/><wx w="365"/><wx w="487"/><wx w="491"/><wx w="748"/><wx w="477"/><wx w="473"/><wx w="501"/><wx w="496"/><wx w="517"/><wx w="495"/><wx w="506"/><wx w="489"/><wx w="490"/><wx w="494"/><wx w="496"/><wx w="208"/><wx w="416"/><wx w="497"/><wx w="454"/><wx w="585"/><wx w="506"/><wx w="491"/><wx w="488"/><wx w="503"/><wx w="503"/><wx w="498"/><wx w="486"/><wx w="492"/><wx w="497"/><wx w="663"/><wx w="494"/><wx w="509"/><wx w="436"/><wx w="154"/><wx w="344"/><wx w="211"/><wx w="196"/><wx w="497"/><wx w="333"/><wx w="498"/><wx w="492"/><wx w="490"/><wx w="495"/><wx w="500"/><wx w="463"/><wx w="498"/><wx w="498"/><wx w="388"/><wx w="388"/><wx w="124"/><wx w="0"/><wx w="0"/><wx w="0"/><wx w="0"/><wx w="0"/><wx w="0"/><wx w="129"/><wx w="0"/><wx w="0"/><wx w="0"/><wx w="0"/><wx w="655"/><wx w="0"/><wx w="130"/><wx w="264"/><wx w="0"/><wx w="553"/><wx w="383"/><wx w="0"/><wx w="480"/><wx w="0"/><wx w="0"/><wx w="125"/><wx w="1159"/><wx w="972"/><wx w="1006"/><wx w="571"/><wx w="3271"/><wx w="0"/><wx w="0"/><wx w="0"/><wx w="0"/><wx w="0"/><wx w="172"/><wx w="0"/><wx w="0"/><wx w="105"/><wx w="1208"/><wx w="172"/><wx w="264"/><wx w="264"/><wx w="340"/><wx w="340"/><wx w="315"/><wx w="391"/><wx w="202"/><wx w="538"/><wx w="441"/><wx w="209"/><wx w="429"/><wx w="437"/><wx w="742"/><wx w="176"/><wx w="176"/><wx w="0"/><wx w="1216"/><wx w="130"/><wx w="237"/><wx w="192"/><wx w="354"/><wx w="529"/><wx w="484"/><wx w="494"/><wx w="356"/><wx w="428"/><wx w="476"/><wx w="340"/><wx w="337"/><wx w="459"/><wx w="562"/><wx w="503"/><wx w="503"/><wx w="516"/><wx w="516"/><wx w="333"/><wx w="333"/><wx w="707"/><wx w="0"/><wx w="0"/><wx w="0"/><wx w="0"/><wx w="707"/><wx w="495"/><wx w="514"/><wx w="634"/></cid-widths></multibyte-extras></font-metrics>