<?xml version="1.0" encoding="UTF-8"?><font-metrics metrics-version="2" type="TYPE0"><font-name>Samyak-Oriya-UID</font-name><full-name>Samyak Oriya-UID</full-name><family-name>Samyak Oriya-UID</family-name><embed/><cap-height>676</cap-height><x-height>507</x-height><ascender>757</ascender><descender>-180</descender><bbox><left>-652</left><bottom>-426</bottom><right>1295</right><top>971</top></bbox><flags>33</flags><stemv>0</stemv><italicangle>0</italicangle><subtype>TYPE0</subtype><multibyte-extras><cid-type>CIDFontType2</cid-type><default-width>0</default-width><bfranges><bf gi="3" ue="126" us="32"/><bf gi="98" ue="2828" us="2817"/><bf gi="110" ue="2832" us="2831"/><bf gi="112" ue="2856" us="2835"/><bf gi="134" ue="2864" us="2858"/><bf gi="141" ue="2867" us="2866"/><bf gi="143" ue="2873" us="2869"/><bf gi="148" ue="2883" us="2876"/><bf gi="156" ue="2888" us="2887"/><bf gi="158" ue="2893" us="2891"/><bf gi="161" ue="2903" us="2902"/><bf gi="163" ue="2909" us="2908"/><bf gi="165" ue="2913" us="2911"/><bf gi="168" ue="2929" us="2918"/><bf gi="180" ue="9676" us="9676"/><bf gi="0" ue="65535" us="65535"/></bfranges><cid-widths start-index="0"><wx w="432"/><wx w="0"/><wx w="0"/><wx w="781"/><wx w="273"/><wx w="412"/><wx w="655"/><wx w="554"/><wx w="841"/><wx w="654"/><wx w="239"/><wx w="320"/><wx w="320"/><wx w="472"/><wx w="554"/><wx w="244"/><wx w="295"/><wx w="244"/><wx w="378"/><wx w="554"/><wx w="554"/><wx w="554"/><wx w="554"/><wx w="554"/><wx w="554"/><wx w="554"/><wx w="554"/><wx w="554"/><wx w="554"/><wx w="244"/><wx w="244"/><wx w="554"/><wx w="554"/><wx w="554"/><wx w="398"/><wx w="931"/><wx w="651"/><wx w="631"/><wx w="609"/><wx w="700"/><wx w="561"/><wx w="528"/><wx w="660"/><wx w="692"/><wx w="266"/><wx w="492"/><wx w="618"/><wx w="510"/><wx w="854"/><wx w="714"/><wx w="763"/><wx w="597"/><wx w="763"/><wx w="618"/><wx w="523"/><wx w="555"/><wx w="675"/><wx w="644"/><wx w="911"/><wx w="620"/><wx w="587"/><wx w="563"/><wx w="325"/><wx w="378"/><wx w="325"/><wx w="554"/><wx w="484"/><wx w="371"/><wx w="513"/><wx w="579"/><wx w="458"/><wx w="579"/><wx w="549"/><wx w="380"/><wx w="568"/><wx w="561"/><wx w="250"/><wx w="250"/><wx w="513"/><wx w="270"/><wx w="844"/><wx w="564"/><wx w="580"/><wx w="579"/><wx w="579"/><wx w="380"/><wx w="439"/><wx w="396"/><wx w="564"/><wx w="494"/><wx w="762"/><wx w="502"/><wx w="489"/><wx w="463"/><wx w="329"/><wx w="276"/><wx w="329"/><wx w="554"/><wx w="14"/><wx w="7"/><wx w="399"/><wx w="944"/><wx w="801"/><wx w="996"/><wx w="846"/><wx w="877"/><wx w="847"/><wx w="862"/><wx w="817"/><wx w="613"/><wx w="713"/><wx w="1036"/><wx w="683"/><wx w="957"/><wx w="750"/><wx w="750"/><wx w="767"/><wx w="797"/><wx w="841"/><wx w="720"/><wx w="640"/><wx w="704"/><wx w="686"/><wx w="626"/><wx w="700"/><wx w="684"/><wx w="747"/><wx w="702"/><wx w="771"/><wx w="721"/><wx w="763"/><wx w="696"/><wx w="689"/><wx w="699"/><wx w="772"/><wx w="981"/><wx w="701"/><wx w="799"/><wx w="776"/><wx w="857"/><wx w="782"/><wx w="888"/><wx w="738"/><wx w="702"/><wx w="741"/><wx w="758"/><wx w="637"/><wx w="581"/><wx w="15"/><wx w="370"/><wx w="228"/><wx w="17"/><wx w="282"/><wx w="17"/><wx w="17"/><wx w="17"/><wx w="524"/><wx w="1145"/><wx w="1344"/><wx w="1347"/><wx w="17"/><wx w="755"/><wx w="949"/><wx w="750"/><wx w="702"/><wx w="864"/><wx w="800"/><wx w="714"/><wx w="781"/><wx w="519"/><wx w="482"/><wx w="794"/><wx w="654"/><wx w="639"/><wx w="654"/><wx w="634"/><wx w="525"/><wx w="496"/><wx w="643"/><wx w="778"/><wx w="896"/><wx w="17"/><wx w="17"/><wx w="219"/><wx w="17"/><wx w="17"/><wx w="17"/><wx w="17"/><wx w="36"/><wx w="17"/><wx w="17"/><wx w="685"/><wx w="212"/><wx w="17"/><wx w="701"/><wx w="0"/><wx w="746"/><wx w="871"/><wx w="743"/><wx w="772"/><wx w="796"/><wx w="838"/><wx w="766"/><wx w="672"/><wx w="701"/><wx w="688"/><wx w="626"/><wx w="708"/><wx w="680"/><wx w="776"/><wx w="723"/><wx w="766"/><wx w="701"/><wx w="687"/><wx w="703"/><wx w="772"/><wx w="969"/><wx w="696"/><wx w="793"/><wx w="763"/><wx w="840"/><wx w="774"/><wx w="879"/><wx w="732"/><wx w="747"/><wx w="757"/><wx w="638"/><wx w="584"/><wx w="752"/><wx w="990"/><wx w="884"/><wx w="777"/><wx w="803"/><wx w="848"/><wx w="789"/><wx w="661"/><wx w="704"/><wx w="674"/><wx w="642"/><wx w="696"/><wx w="619"/><wx w="759"/><wx w="708"/><wx w="817"/><wx w="718"/><wx w="775"/><wx w="693"/><wx w="687"/><wx w="705"/><wx w="772"/><wx w="1009"/><wx w="699"/><wx w="791"/><wx w="768"/><wx w="846"/><wx w="786"/><wx w="873"/><wx w="743"/><wx w="764"/><wx w="760"/><wx w="644"/><wx w="607"/><wx w="19"/><wx w="17"/><wx w="17"/><wx w="17"/><wx w="17"/><wx w="67"/><wx w="17"/><wx w="18"/><wx w="17"/><wx w="17"/><wx w="17"/><wx w="17"/><wx w="17"/><wx w="17"/><wx w="17"/><wx w="17"/><wx w="17"/><wx w="17"/><wx w="434"/><wx w="434"/><wx w="7"/><wx w="17"/><wx w="17"/><wx w="17"/><wx w="17"/><wx w="17"/><wx w="38"/><wx w="17"/><wx w="838"/><wx w="624"/><wx w="675"/><wx w="679"/><wx w="723"/><wx w="828"/><wx w="915"/><wx w="836"/><wx w="961"/><wx w="678"/><wx w="982"/><wx w="695"/><wx w="697"/><wx w="612"/><wx w="818"/><wx w="611"/><wx w="604"/><wx w="794"/><wx w="624"/><wx w="750"/><wx w="641"/><wx w="756"/><wx w="654"/><wx w="731"/><wx w="710"/><wx w="697"/><wx w="770"/><wx w="697"/><wx w="689"/><wx w="589"/><wx w="664"/><wx w="706"/><wx w="887"/><wx w="655"/><wx w="752"/><wx w="743"/><wx w="803"/><wx w="636"/><wx w="649"/><wx w="686"/><wx w="599"/><wx w="636"/><wx w="650"/><wx w="799"/><wx w="669"/><wx w="779"/><wx w="692"/><wx w="767"/><wx w="732"/><wx w="773"/><wx w="721"/><wx w="698"/><wx w="710"/><wx w="657"/><wx w="775"/><wx w="690"/><wx w="672"/><wx w="842"/><wx w="793"/><wx w="784"/><wx w="833"/><wx w="696"/><wx w="852"/><wx w="678"/><wx w="741"/><wx w="700"/><wx w="624"/><wx w="642"/><wx w="587"/><wx w="838"/><wx w="757"/><wx w="679"/><wx w="673"/><wx w="691"/><wx w="688"/><wx w="765"/><wx w="836"/><wx w="709"/><wx w="658"/><wx w="803"/><wx w="831"/></cid-widths></multibyte-extras></font-metrics>