<?xml version="1.0" encoding="UTF-8"?>
<font-metrics metrics-version="2" type="TYPE0">
 <font-name>suruma-UID</font-name>
 <full-name>suruma-UID</full-name>
 <family-name>suruma-UID</family-name>
 <embed />
 <cap-height>654</cap-height>
 <x-height>488</x-height>
 <ascender>666</ascender>
 <descender>-333</descender>
 <bbox>
  <left>-639</left>
  <bottom>-631</bottom>
  <right>1947</right>
  <top>778</top>
 </bbox>
 <flags>33</flags>
 <stemv>0</stemv>
 <italicangle>0</italicangle>
 <subtype>TYPE0</subtype>
 <multibyte-extras>
  <cid-type>CIDFontType2</cid-type>
  <default-width>0</default-width>
  <bfranges>
   <bf gi="1" ue="0" us="0" />
   <bf gi="2" ue="13" us="13" />
   <bf gi="3" ue="126" us="32" />
   <bf gi="98" ue="3439" us="3330" />
   <bf gi="208" ue="3455" us="3450" />
   <bf gi="214" ue="8205" us="8203" />
   <bf gi="217" ue="9676" us="9676" />
   <bf gi="0" ue="65535" us="65535" />
  </bfranges>
  <cid-widths start-index="0">
   <wx w="431" />
   <wx w="0" />
   <wx w="332" />
   <wx w="348" />
   <wx w="185" />
   <wx w="374" />
   <wx w="552" />
   <wx w="472" />
   <wx w="758" />
   <wx w="601" />
   <wx w="181" />
   <wx w="274" />
   <wx w="274" />
   <wx w="377" />
   <wx w="527" />
   <wx w="191" />
   <wx w="360" />
   <wx w="185" />
   <wx w="350" />
   <wx w="495" />
   <wx w="297" />
   <wx w="506" />
   <wx w="503" />
   <wx w="520" />
   <wx w="507" />
   <wx w="500" />
   <wx w="503" />
   <wx w="505" />
   <wx w="500" />
   <wx w="185" />
   <wx w="191" />
   <wx w="517" />
   <wx w="571" />
   <wx w="517" />
   <wx w="365" />
   <wx w="688" />
   <wx w="649" />
   <wx w="566" />
   <wx w="643" />
   <wx w="597" />
   <wx w="547" />
   <wx w="517" />
   <wx w="675" />
   <wx w="582" />
   <wx w="162" />
   <wx w="445" />
   <wx w="598" />
   <wx w="485" />
   <wx w="694" />
   <wx w="589" />
   <wx w="710" />
   <wx w="550" />
   <wx w="712" />
   <wx w="581" />
   <wx w="592" />
   <wx w="591" />
   <wx w="581" />
   <wx w="630" />
   <wx w="892" />
   <wx w="592" />
   <wx w="660" />
   <wx w="577" />
   <wx w="245" />
   <wx w="348" />
   <wx w="245" />
   <wx w="420" />
   <wx w="617" />
   <wx w="285" />
   <wx w="521" />
   <wx w="499" />
   <wx w="478" />
   <wx w="499" />
   <wx w="502" />
   <wx w="311" />
   <wx w="491" />
   <wx w="452" />
   <wx w="153" />
   <wx w="243" />
   <wx w="476" />
   <wx w="153" />
   <wx w="700" />
   <wx w="426" />
   <wx w="503" />
   <wx w="499" />
   <wx w="499" />
   <wx w="317" />
   <wx w="459" />
   <wx w="301" />
   <wx w="426" />
   <wx w="505" />
   <wx w="708" />
   <wx w="479" />
   <wx w="489" />
   <wx w="460" />
   <wx w="296" />
   <wx w="141" />
   <wx w="296" />
   <wx w="506" />
   <wx w="387" />
   <wx w="303" />
   <wx w="39" />
   <wx w="1187" />
   <wx w="1329" />
   <wx w="839" />
   <wx w="1374" />
   <wx w="583" />
   <wx w="1121" />
   <wx w="720" />
   <wx w="841" />
   <wx w="39" />
   <wx w="1029" />
   <wx w="1032" />
   <wx w="1596" />
   <wx w="39" />
   <wx w="604" />
   <wx w="1031" />
   <wx w="1141" />
   <wx w="835" />
   <wx w="859" />
   <wx w="801" />
   <wx w="1224" />
   <wx w="860" />
   <wx w="901" />
   <wx w="1116" />
   <wx w="732" />
   <wx w="1357" />
   <wx w="1118" />
   <wx w="501" />
   <wx w="561" />
   <wx w="1058" />
   <wx w="1057" />
   <wx w="1203" />
   <wx w="774" />
   <wx w="816" />
   <wx w="518" />
   <wx w="819" />
   <wx w="818" />
   <wx w="39" />
   <wx w="903" />
   <wx w="971" />
   <wx w="1115" />
   <wx w="563" />
   <wx w="544" />
   <wx w="902" />
   <wx w="562" />
   <wx w="561" />
   <wx w="833" />
   <wx w="612" />
   <wx w="604" />
   <wx w="858" />
   <wx w="816" />
   <wx w="988" />
   <wx w="1059" />
   <wx w="1031" />
   <wx w="39" />
   <wx w="39" />
   <wx w="39" />
   <wx w="39" />
   <wx w="431" />
   <wx w="235" />
   <wx w="224" />
   <wx w="298" />
   <wx w="303" />
   <wx w="257" />
   <wx w="39" />
   <wx w="39" />
   <wx w="560" />
   <wx w="482" />
   <wx w="1110" />
   <wx w="39" />
   <wx w="1046" />
   <wx w="956" />
   <wx w="1161" />
   <wx w="78" />
   <wx w="39" />
   <wx w="39" />
   <wx w="39" />
   <wx w="39" />
   <wx w="39" />
   <wx w="39" />
   <wx w="39" />
   <wx w="39" />
   <wx w="39" />
   <wx w="560" />
   <wx w="39" />
   <wx w="39" />
   <wx w="39" />
   <wx w="39" />
   <wx w="39" />
   <wx w="39" />
   <wx w="39" />
   <wx w="39" />
   <wx w="690" />
   <wx w="988" />
   <wx w="39" />
   <wx w="39" />
   <wx w="39" />
   <wx w="39" />
   <wx w="782" />
   <wx w="799" />
   <wx w="825" />
   <wx w="1075" />
   <wx w="655" />
   <wx w="716" />
   <wx w="1134" />
   <wx w="758" />
   <wx w="841" />
   <wx w="799" />
   <wx w="1197" />
   <wx w="814" />
   <wx w="559" />
   <wx w="857" />
   <wx w="858" />
   <wx w="921" />
   <wx w="0" />
   <wx w="81" />
   <wx w="94" />
   <wx w="0" />
   <wx w="0" />
   <wx w="180" />
   <wx w="250" />
   <wx w="318" />
   <wx w="351" />
   <wx w="252" />
   <wx w="301" />
   <wx w="304" />
   <wx w="729" />
   <wx w="10" />
   <wx w="588" />
   <wx w="888" />
   <wx w="598" />
   <wx w="745" />
   <wx w="773" />
   <wx w="1066" />
   <wx w="1080" />
   <wx w="1173" />
   <wx w="1207" />
   <wx w="1304" />
   <wx w="1324" />
   <wx w="1391" />
   <wx w="1439" />
   <wx w="921" />
   <wx w="1197" />
   <wx w="814" />
   <wx w="968" />
   <wx w="559" />
   <wx w="857" />
   <wx w="858" />
   <wx w="849" />
   <wx w="831" />
   <wx w="838" />
   <wx w="1150" />
   <wx w="1200" />
   <wx w="1194" />
   <wx w="834" />
   <wx w="834" />
   <wx w="834" />
   <wx w="834" />
   <wx w="834" />
   <wx w="834" />
   <wx w="834" />
   <wx w="835" />
   <wx w="844" />
   <wx w="839" />
   <wx w="1463" />
   <wx w="1420" />
   <wx w="1468" />
   <wx w="1463" />
   <wx w="1606" />
   <wx w="1606" />
   <wx w="1606" />
   <wx w="840" />
   <wx w="839" />
   <wx w="847" />
   <wx w="834" />
   <wx w="834" />
   <wx w="834" />
   <wx w="985" />
   <wx w="985" />
   <wx w="994" />
   <wx w="834" />
   <wx w="834" />
   <wx w="834" />
   <wx w="1400" />
   <wx w="1400" />
   <wx w="1401" />
   <wx w="1400" />
   <wx w="1400" />
   <wx w="1400" />
   <wx w="841" />
   <wx w="841" />
   <wx w="841" />
   <wx w="836" />
   <wx w="838" />
   <wx w="838" />
   <wx w="838" />
   <wx w="842" />
   <wx w="842" />
   <wx w="842" />
   <wx w="861" />
   <wx w="862" />
   <wx w="861" />
   <wx w="1064" />
   <wx w="1064" />
   <wx w="1064" />
   <wx w="801" />
   <wx w="885" />
   <wx w="799" />
   <wx w="804" />
   <wx w="806" />
   <wx w="806" />
   <wx w="839" />
   <wx w="839" />
   <wx w="839" />
   <wx w="1187" />
   <wx w="1190" />
   <wx w="1345" />
   <wx w="905" />
   <wx w="905" />
   <wx w="906" />
   <wx w="969" />
   <wx w="969" />
   <wx w="969" />
   <wx w="802" />
   <wx w="802" />
   <wx w="802" />
   <wx w="1224" />
   <wx w="1226" />
   <wx w="1225" />
   <wx w="1224" />
   <wx w="1224" />
   <wx w="1224" />
   <wx w="1355" />
   <wx w="1355" />
   <wx w="1360" />
   <wx w="860" />
   <wx w="860" />
   <wx w="837" />
   <wx w="792" />
   <wx w="834" />
   <wx w="811" />
   <wx w="971" />
   <wx w="971" />
   <wx w="971" />
   <wx w="837" />
   <wx w="837" />
   <wx w="837" />
   <wx w="1149" />
   <wx w="1149" />
   <wx w="1149" />
   <wx w="986" />
   <wx w="986" />
   <wx w="986" />
   <wx w="901" />
   <wx w="902" />
   <wx w="901" />
   <wx w="901" />
   <wx w="901" />
   <wx w="902" />
   <wx w="904" />
   <wx w="906" />
   <wx w="904" />
   <wx w="900" />
   <wx w="916" />
   <wx w="916" />
   <wx w="916" />
   <wx w="1065" />
   <wx w="1065" />
   <wx w="1065" />
   <wx w="1287" />
   <wx w="1311" />
   <wx w="1266" />
   <wx w="1438" />
   <wx w="1438" />
   <wx w="1438" />
   <wx w="832" />
   <wx w="819" />
   <wx w="822" />
   <wx w="1375" />
   <wx w="1520" />
   <wx w="1511" />
   <wx w="1836" />
   <wx w="1836" />
   <wx w="1836" />
   <wx w="987" />
   <wx w="987" />
   <wx w="987" />
   <wx w="1358" />
   <wx w="1358" />
   <wx w="1358" />
   <wx w="1510" />
   <wx w="1510" />
   <wx w="1510" />
   <wx w="1117" />
   <wx w="1117" />
   <wx w="1417" />
   <wx w="1417" />
   <wx w="1417" />
   <wx w="1417" />
   <wx w="1568" />
   <wx w="1568" />
   <wx w="1568" />
   <wx w="1275" />
   <wx w="1396" />
   <wx w="1373" />
   <wx w="1670" />
   <wx w="1670" />
   <wx w="1670" />
   <wx w="500" />
   <wx w="500" />
   <wx w="543" />
   <wx w="436" />
   <wx w="436" />
   <wx w="436" />
   <wx w="630" />
   <wx w="630" />
   <wx w="630" />
   <wx w="561" />
   <wx w="561" />
   <wx w="557" />
   <wx w="1057" />
   <wx w="1057" />
   <wx w="1057" />
   <wx w="1057" />
   <wx w="1057" />
   <wx w="1057" />
   <wx w="1057" />
   <wx w="1057" />
   <wx w="1057" />
   <wx w="1060" />
   <wx w="1060" />
   <wx w="1060" />
   <wx w="1059" />
   <wx w="1059" />
   <wx w="1059" />
   <wx w="1057" />
   <wx w="1057" />
   <wx w="1057" />
   <wx w="1057" />
   <wx w="1057" />
   <wx w="1057" />
   <wx w="1221" />
   <wx w="1221" />
   <wx w="1221" />
   <wx w="1057" />
   <wx w="1057" />
   <wx w="1251" />
   <wx w="1251" />
   <wx w="1251" />
   <wx w="1202" />
   <wx w="1353" />
   <wx w="1245" />
   <wx w="1245" />
   <wx w="1245" />
   <wx w="1249" />
   <wx w="1444" />
   <wx w="1444" />
   <wx w="1444" />
   <wx w="1203" />
   <wx w="1203" />
   <wx w="1203" />
   <wx w="1784" />
   <wx w="1784" />
   <wx w="1784" />
   <wx w="1783" />
   <wx w="2000" />
   <wx w="2000" />
   <wx w="2000" />
   <wx w="1203" />
   <wx w="1208" />
   <wx w="1205" />
   <wx w="1256" />
   <wx w="1256" />
   <wx w="1256" />
   <wx w="776" />
   <wx w="816" />
   <wx w="775" />
   <wx w="1353" />
   <wx w="1382" />
   <wx w="1374" />
   <wx w="1320" />
   <wx w="1320" />
   <wx w="1321" />
   <wx w="1322" />
   <wx w="1499" />
   <wx w="1499" />
   <wx w="1499" />
   <wx w="1103" />
   <wx w="1103" />
   <wx w="1103" />
   <wx w="1230" />
   <wx w="1261" />
   <wx w="1227" />
   <wx w="1229" />
   <wx w="1402" />
   <wx w="1402" />
   <wx w="1402" />
   <wx w="1169" />
   <wx w="1169" />
   <wx w="1170" />
   <wx w="1169" />
   <wx w="1336" />
   <wx w="1336" />
   <wx w="1336" />
   <wx w="946" />
   <wx w="946" />
   <wx w="946" />
   <wx w="774" />
   <wx w="774" />
   <wx w="774" />
   <wx w="1345" />
   <wx w="1345" />
   <wx w="1345" />
   <wx w="1345" />
   <wx w="1506" />
   <wx w="1506" />
   <wx w="1506" />
   <wx w="816" />
   <wx w="816" />
   <wx w="816" />
   <wx w="1034" />
   <wx w="1034" />
   <wx w="1034" />
   <wx w="518" />
   <wx w="518" />
   <wx w="516" />
   <wx w="530" />
   <wx w="530" />
   <wx w="530" />
   <wx w="1035" />
   <wx w="1035" />
   <wx w="1035" />
   <wx w="1035" />
   <wx w="1230" />
   <wx w="1230" />
   <wx w="1230" />
   <wx w="689" />
   <wx w="689" />
   <wx w="689" />
   <wx w="819" />
   <wx w="819" />
   <wx w="816" />
   <wx w="989" />
   <wx w="989" />
   <wx w="989" />
   <wx w="817" />
   <wx w="966" />
   <wx w="817" />
   <wx w="1078" />
   <wx w="1075" />
   <wx w="1117" />
   <wx w="1248" />
   <wx w="1248" />
   <wx w="1248" />
   <wx w="1340" />
   <wx w="1340" />
   <wx w="1340" />
   <wx w="1340" />
   <wx w="1517" />
   <wx w="1517" />
   <wx w="1517" />
   <wx w="857" />
   <wx w="857" />
   <wx w="857" />
   <wx w="853" />
   <wx w="1012" />
   <wx w="1012" />
   <wx w="1012" />
   <wx w="1400" />
   <wx w="1400" />
   <wx w="1400" />
   <wx w="1400" />
   <wx w="1583" />
   <wx w="1583" />
   <wx w="1583" />
   <wx w="1060" />
   <wx w="1160" />
   <wx w="1309" />
   <wx w="904" />
   <wx w="904" />
   <wx w="904" />
   <wx w="906" />
   <wx w="1086" />
   <wx w="1086" />
   <wx w="1086" />
   <wx w="987" />
   <wx w="987" />
   <wx w="987" />
   <wx w="814" />
   <wx w="814" />
   <wx w="814" />
   <wx w="903" />
   <wx w="903" />
   <wx w="902" />
   <wx w="905" />
   <wx w="902" />
   <wx w="902" />
   <wx w="902" />
   <wx w="902" />
   <wx w="902" />
   <wx w="902" />
   <wx w="902" />
   <wx w="902" />
   <wx w="904" />
   <wx w="902" />
   <wx w="902" />
   <wx w="902" />
   <wx w="905" />
   <wx w="905" />
   <wx w="905" />
   <wx w="1063" />
   <wx w="1063" />
   <wx w="1063" />
   <wx w="902" />
   <wx w="902" />
   <wx w="902" />
   <wx w="902" />
   <wx w="902" />
   <wx w="902" />
   <wx w="971" />
   <wx w="970" />
   <wx w="970" />
   <wx w="970" />
   <wx w="970" />
   <wx w="970" />
   <wx w="970" />
   <wx w="970" />
   <wx w="970" />
   <wx w="970" />
   <wx w="970" />
   <wx w="970" />
   <wx w="974" />
   <wx w="974" />
   <wx w="978" />
   <wx w="1143" />
   <wx w="1143" />
   <wx w="1143" />
   <wx w="970" />
   <wx w="970" />
   <wx w="970" />
   <wx w="970" />
   <wx w="970" />
   <wx w="970" />
   <wx w="1115" />
   <wx w="1118" />
   <wx w="1115" />
   <wx w="1115" />
   <wx w="1115" />
   <wx w="1115" />
   <wx w="1115" />
   <wx w="1115" />
   <wx w="1115" />
   <wx w="1115" />
   <wx w="1115" />
   <wx w="1115" />
   <wx w="1115" />
   <wx w="1119" />
   <wx w="1115" />
   <wx w="1115" />
   <wx w="1115" />
   <wx w="1117" />
   <wx w="1291" />
   <wx w="1291" />
   <wx w="1291" />
   <wx w="1115" />
   <wx w="1115" />
   <wx w="1115" />
   <wx w="562" />
   <wx w="561" />
   <wx w="569" />
   <wx w="733" />
   <wx w="733" />
   <wx w="733" />
   <wx w="544" />
   <wx w="544" />
   <wx w="544" />
   <wx w="550" />
   <wx w="546" />
   <wx w="550" />
   <wx w="1116" />
   <wx w="1116" />
   <wx w="1116" />
   <wx w="1118" />
   <wx w="1291" />
   <wx w="1291" />
   <wx w="1291" />
   <wx w="1125" />
   <wx w="1125" />
   <wx w="1125" />
   <wx w="977" />
   <wx w="977" />
   <wx w="977" />
   <wx w="715" />
   <wx w="715" />
   <wx w="715" />
   <wx w="544" />
   <wx w="544" />
   <wx w="544" />
   <wx w="902" />
   <wx w="902" />
   <wx w="902" />
   <wx w="902" />
   <wx w="908" />
   <wx w="902" />
   <wx w="927" />
   <wx w="918" />
   <wx w="902" />
   <wx w="902" />
   <wx w="902" />
   <wx w="907" />
   <wx w="907" />
   <wx w="907" />
   <wx w="902" />
   <wx w="902" />
   <wx w="902" />
   <wx w="902" />
   <wx w="1041" />
   <wx w="1041" />
   <wx w="1040" />
   <wx w="902" />
   <wx w="902" />
   <wx w="902" />
   <wx w="902" />
   <wx w="902" />
   <wx w="902" />
   <wx w="902" />
   <wx w="902" />
   <wx w="902" />
   <wx w="902" />
   <wx w="902" />
   <wx w="902" />
   <wx w="816" />
   <wx w="988" />
   <wx w="561" />
   <wx w="561" />
   <wx w="561" />
   <wx w="561" />
   <wx w="561" />
   <wx w="835" />
   <wx w="833" />
   <wx w="838" />
   <wx w="836" />
   <wx w="833" />
   <wx w="838" />
   <wx w="836" />
   <wx w="836" />
   <wx w="836" />
   <wx w="841" />
   <wx w="839" />
   <wx w="839" />
   <wx w="833" />
   <wx w="833" />
   <wx w="842" />
   <wx w="837" />
   <wx w="837" />
   <wx w="837" />
   <wx w="833" />
   <wx w="833" />
   <wx w="833" />
   <wx w="833" />
   <wx w="833" />
   <wx w="833" />
   <wx w="861" />
   <wx w="859" />
   <wx w="858" />
   <wx w="1066" />
   <wx w="1066" />
   <wx w="1066" />
   <wx w="858" />
   <wx w="858" />
   <wx w="858" />
   <wx w="858" />
   <wx w="858" />
   <wx w="858" />
   <wx w="989" />
   <wx w="1012" />
   <wx w="965" />
   <wx w="1404" />
   <wx w="1404" />
   <wx w="1407" />
   <wx w="1408" />
   <wx w="1599" />
   <wx w="1599" />
   <wx w="1599" />
   <wx w="817" />
   <wx w="822" />
   <wx w="820" />
   <wx w="816" />
   <wx w="816" />
   <wx w="816" />
   <wx w="1137" />
   <wx w="1137" />
   <wx w="1137" />
   <wx w="816" />
   <wx w="816" />
   <wx w="816" />
   <wx w="816" />
   <wx w="817" />
   <wx w="821" />
   <wx w="990" />
   <wx w="988" />
   <wx w="988" />
   <wx w="988" />
   <wx w="988" />
   <wx w="988" />
   <wx w="988" />
   <wx w="988" />
   <wx w="988" />
   <wx w="988" />
   <wx w="988" />
   <wx w="988" />
   <wx w="988" />
   <wx w="988" />
   <wx w="988" />
   <wx w="988" />
   <wx w="988" />
   <wx w="988" />
   <wx w="988" />
   <wx w="988" />
   <wx w="988" />
   <wx w="988" />
   <wx w="988" />
   <wx w="993" />
   <wx w="988" />
   <wx w="990" />
   <wx w="988" />
   <wx w="988" />
   <wx w="988" />
   <wx w="988" />
   <wx w="988" />
   <wx w="988" />
   <wx w="1059" />
   <wx w="1059" />
   <wx w="1057" />
   <wx w="1059" />
   <wx w="1059" />
   <wx w="1059" />
   <wx w="1059" />
   <wx w="1059" />
   <wx w="1059" />
   <wx w="1059" />
   <wx w="1059" />
   <wx w="1059" />
   <wx w="1059" />
   <wx w="1059" />
   <wx w="1059" />
   <wx w="1059" />
   <wx w="1059" />
   <wx w="1059" />
   <wx w="1059" />
   <wx w="1059" />
   <wx w="1059" />
   <wx w="1059" />
   <wx w="1059" />
   <wx w="1612" />
   <wx w="1612" />
   <wx w="1614" />
   <wx w="1613" />
   <wx w="1807" />
   <wx w="1807" />
   <wx w="1807" />
   <wx w="1059" />
   <wx w="1059" />
   <wx w="1059" />
   <wx w="1059" />
   <wx w="1059" />
   <wx w="1059" />
   <wx w="1059" />
   <wx w="1059" />
   <wx w="1059" />
   <wx w="1059" />
   <wx w="1059" />
   <wx w="1059" />
   <wx w="1059" />
   <wx w="1059" />
   <wx w="1059" />
   <wx w="1059" />
   <wx w="1059" />
   <wx w="1226" />
   <wx w="1226" />
   <wx w="1226" />
   <wx w="1059" />
   <wx w="1059" />
   <wx w="1059" />
   <wx w="1059" />
   <wx w="1059" />
   <wx w="1059" />
   <wx w="1059" />
   <wx w="1059" />
   <wx w="1059" />
   <wx w="1059" />
   <wx w="1030" />
   <wx w="1075" />
   <wx w="1010" />
   <wx w="1362" />
   <wx w="1339" />
   <wx w="1488" />
   <wx w="1083" />
   <wx w="1083" />
   <wx w="1083" />
   <wx w="1083" />
   <wx w="1270" />
   <wx w="1270" />
   <wx w="1270" />
   <wx w="1202" />
   <wx w="1202" />
   <wx w="1202" />
   <wx w="1031" />
   <wx w="1031" />
   <wx w="1031" />
   <wx w="612" />
   <wx w="612" />
   <wx w="1192" />
   <wx w="1193" />
   <wx w="1194" />
   <wx w="603" />
   <wx w="604" />
   <wx w="660" />
   <wx w="667" />
   <wx w="649" />
   <wx w="654" />
   <wx w="654" />
   <wx w="656" />
   <wx w="672" />
   <wx w="754" />
   <wx w="757" />
   <wx w="756" />
   <wx w="820" />
   <wx w="770" />
   <wx w="749" />
   <wx w="603" />
   <wx w="624" />
   <wx w="624" />
   <wx w="754" />
   <wx w="748" />
   <wx w="761" />
   <wx w="648" />
   <wx w="652" />
   <wx w="652" />
   <wx w="603" />
   <wx w="603" />
   <wx w="603" />
   <wx w="622" />
   <wx w="622" />
   <wx w="622" />
   <wx w="748" />
   <wx w="748" />
   <wx w="916" />
   <wx w="940" />
   <wx w="882" />
   <wx w="1304" />
   <wx w="940" />
   <wx w="980" />
   <wx w="1195" />
   <wx w="813" />
   <wx w="1438" />
   <wx w="1196" />
   <wx w="580" />
   <wx w="642" />
   <wx w="1137" />
   <wx w="1136" />
   <wx w="1280" />
   <wx w="853" />
   <wx w="895" />
   <wx w="595" />
   <wx w="897" />
   <wx w="896" />
   <wx w="980" />
   <wx w="1051" />
   <wx w="1194" />
   <wx w="642" />
   <wx w="622" />
   <wx w="980" />
   <wx w="640" />
   <wx w="640" />
   <wx w="911" />
   <wx w="690" />
   <wx w="682" />
   <wx w="937" />
   <wx w="894" />
   <wx w="1065" />
   <wx w="1137" />
   <wx w="1110" />
  </cid-widths>
 </multibyte-extras>
</font-metrics>